"sezione";"cod_circoscrizione";"circoscrizione";"sezioni_pervenute";"sezioni _totali";"schede_bianche";"schede_nulle";"schede_contestate_non_attribuite";"prog_sindaco";"cognome_sindaco";"nome_sindaco";"detto _sindaco";"vedova_sindaco";"voti"
1;12;"C.STORICO/PIEDICASTELLO";98;98;1;3;0;1;"MARTINI";"CARMEN";;"N";3
1;12;"C.STORICO/PIEDICASTELLO";98;98;1;3;0;2;"BRUNO";"FRANCO";;"N";0
1;12;"C.STORICO/PIEDICASTELLO";98;98;1;3;0;3;"IANESELLI";"FRANCO";;"N";165
1;12;"C.STORICO/PIEDICASTELLO";98;98;1;3;0;4;"PANTANO";"GIULIANO";;"N";7
1;12;"C.STORICO/PIEDICASTELLO";98;98;1;3;0;5;"ZANETTI";"SILVIA";;"N";5
1;12;"C.STORICO/PIEDICASTELLO";98;98;1;3;0;6;"MERLER";"ANDREA";;"N";72
1;12;"C.STORICO/PIEDICASTELLO";98;98;1;3;0;7;"CARLI";"MARCELLO";;"N";10
1;12;"C.STORICO/PIEDICASTELLO";98;98;1;3;0;8;"DEGASPERI";"FILIPPO";;"N";7
2;12;"C.STORICO/PIEDICASTELLO";98;98;7;8;0;1;"MARTINI";"CARMEN";;"N";11
2;12;"C.STORICO/PIEDICASTELLO";98;98;7;8;0;2;"BRUNO";"FRANCO";;"N";0
2;12;"C.STORICO/PIEDICASTELLO";98;98;7;8;0;3;"IANESELLI";"FRANCO";;"N";350
2;12;"C.STORICO/PIEDICASTELLO";98;98;7;8;0;4;"PANTANO";"GIULIANO";;"N";7
2;12;"C.STORICO/PIEDICASTELLO";98;98;7;8;0;5;"ZANETTI";"SILVIA";;"N";12
2;12;"C.STORICO/PIEDICASTELLO";98;98;7;8;0;6;"MERLER";"ANDREA";;"N";155
2;12;"C.STORICO/PIEDICASTELLO";98;98;7;8;0;7;"CARLI";"MARCELLO";;"N";48
2;12;"C.STORICO/PIEDICASTELLO";98;98;7;8;0;8;"DEGASPERI";"FILIPPO";;"N";21
3;12;"C.STORICO/PIEDICASTELLO";98;98;15;10;0;1;"MARTINI";"CARMEN";;"N";12
3;12;"C.STORICO/PIEDICASTELLO";98;98;15;10;0;2;"BRUNO";"FRANCO";;"N";0
3;12;"C.STORICO/PIEDICASTELLO";98;98;15;10;0;3;"IANESELLI";"FRANCO";;"N";322
3;12;"C.STORICO/PIEDICASTELLO";98;98;15;10;0;4;"PANTANO";"GIULIANO";;"N";7
3;12;"C.STORICO/PIEDICASTELLO";98;98;15;10;0;5;"ZANETTI";"SILVIA";;"N";15
3;12;"C.STORICO/PIEDICASTELLO";98;98;15;10;0;6;"MERLER";"ANDREA";;"N";123
3;12;"C.STORICO/PIEDICASTELLO";98;98;15;10;0;7;"CARLI";"MARCELLO";;"N";34
3;12;"C.STORICO/PIEDICASTELLO";98;98;15;10;0;8;"DEGASPERI";"FILIPPO";;"N";17
4;12;"C.STORICO/PIEDICASTELLO";98;98;8;3;0;1;"MARTINI";"CARMEN";;"N";9
4;12;"C.STORICO/PIEDICASTELLO";98;98;8;3;0;2;"BRUNO";"FRANCO";;"N";1
4;12;"C.STORICO/PIEDICASTELLO";98;98;8;3;0;3;"IANESELLI";"FRANCO";;"N";369
4;12;"C.STORICO/PIEDICASTELLO";98;98;8;3;0;4;"PANTANO";"GIULIANO";;"N";7
4;12;"C.STORICO/PIEDICASTELLO";98;98;8;3;0;5;"ZANETTI";"SILVIA";;"N";14
4;12;"C.STORICO/PIEDICASTELLO";98;98;8;3;0;6;"MERLER";"ANDREA";;"N";190
4;12;"C.STORICO/PIEDICASTELLO";98;98;8;3;0;7;"CARLI";"MARCELLO";;"N";59
4;12;"C.STORICO/PIEDICASTELLO";98;98;8;3;0;8;"DEGASPERI";"FILIPPO";;"N";18
5;12;"C.STORICO/PIEDICASTELLO";98;98;9;12;0;1;"MARTINI";"CARMEN";;"N";13
5;12;"C.STORICO/PIEDICASTELLO";98;98;9;12;0;2;"BRUNO";"FRANCO";;"N";2
5;12;"C.STORICO/PIEDICASTELLO";98;98;9;12;0;3;"IANESELLI";"FRANCO";;"N";290
5;12;"C.STORICO/PIEDICASTELLO";98;98;9;12;0;4;"PANTANO";"GIULIANO";;"N";11
5;12;"C.STORICO/PIEDICASTELLO";98;98;9;12;0;5;"ZANETTI";"SILVIA";;"N";21
5;12;"C.STORICO/PIEDICASTELLO";98;98;9;12;0;6;"MERLER";"ANDREA";;"N";190
5;12;"C.STORICO/PIEDICASTELLO";98;98;9;12;0;7;"CARLI";"MARCELLO";;"N";28
5;12;"C.STORICO/PIEDICASTELLO";98;98;9;12;0;8;"DEGASPERI";"FILIPPO";;"N";5
6;12;"C.STORICO/PIEDICASTELLO";98;98;10;5;0;1;"MARTINI";"CARMEN";;"N";17
6;12;"C.STORICO/PIEDICASTELLO";98;98;10;5;0;2;"BRUNO";"FRANCO";;"N";0
6;12;"C.STORICO/PIEDICASTELLO";98;98;10;5;0;3;"IANESELLI";"FRANCO";;"N";349
6;12;"C.STORICO/PIEDICASTELLO";98;98;10;5;0;4;"PANTANO";"GIULIANO";;"N";20
6;12;"C.STORICO/PIEDICASTELLO";98;98;10;5;0;5;"ZANETTI";"SILVIA";;"N";19
6;12;"C.STORICO/PIEDICASTELLO";98;98;10;5;0;6;"MERLER";"ANDREA";;"N";141
6;12;"C.STORICO/PIEDICASTELLO";98;98;10;5;0;7;"CARLI";"MARCELLO";;"N";41
6;12;"C.STORICO/PIEDICASTELLO";98;98;10;5;0;8;"DEGASPERI";"FILIPPO";;"N";11
7;12;"C.STORICO/PIEDICASTELLO";98;98;3;8;0;1;"MARTINI";"CARMEN";;"N";10
7;12;"C.STORICO/PIEDICASTELLO";98;98;3;8;0;2;"BRUNO";"FRANCO";;"N";0
7;12;"C.STORICO/PIEDICASTELLO";98;98;3;8;0;3;"IANESELLI";"FRANCO";;"N";248
7;12;"C.STORICO/PIEDICASTELLO";98;98;3;8;0;4;"PANTANO";"GIULIANO";;"N";4
7;12;"C.STORICO/PIEDICASTELLO";98;98;3;8;0;5;"ZANETTI";"SILVIA";;"N";18
7;12;"C.STORICO/PIEDICASTELLO";98;98;3;8;0;6;"MERLER";"ANDREA";;"N";135
7;12;"C.STORICO/PIEDICASTELLO";98;98;3;8;0;7;"CARLI";"MARCELLO";;"N";19
7;12;"C.STORICO/PIEDICASTELLO";98;98;3;8;0;8;"DEGASPERI";"FILIPPO";;"N";23
8;12;"C.STORICO/PIEDICASTELLO";98;98;7;11;0;1;"MARTINI";"CARMEN";;"N";9
8;12;"C.STORICO/PIEDICASTELLO";98;98;7;11;0;2;"BRUNO";"FRANCO";;"N";0
8;12;"C.STORICO/PIEDICASTELLO";98;98;7;11;0;3;"IANESELLI";"FRANCO";;"N";330
8;12;"C.STORICO/PIEDICASTELLO";98;98;7;11;0;4;"PANTANO";"GIULIANO";;"N";8
8;12;"C.STORICO/PIEDICASTELLO";98;98;7;11;0;5;"ZANETTI";"SILVIA";;"N";21
8;12;"C.STORICO/PIEDICASTELLO";98;98;7;11;0;6;"MERLER";"ANDREA";;"N";163
8;12;"C.STORICO/PIEDICASTELLO";98;98;7;11;0;7;"CARLI";"MARCELLO";;"N";24
8;12;"C.STORICO/PIEDICASTELLO";98;98;7;11;0;8;"DEGASPERI";"FILIPPO";;"N";17
9;12;"C.STORICO/PIEDICASTELLO";98;98;10;7;0;1;"MARTINI";"CARMEN";;"N";9
9;12;"C.STORICO/PIEDICASTELLO";98;98;10;7;0;2;"BRUNO";"FRANCO";;"N";1
9;12;"C.STORICO/PIEDICASTELLO";98;98;10;7;0;3;"IANESELLI";"FRANCO";;"N";338
9;12;"C.STORICO/PIEDICASTELLO";98;98;10;7;0;4;"PANTANO";"GIULIANO";;"N";6
9;12;"C.STORICO/PIEDICASTELLO";98;98;10;7;0;5;"ZANETTI";"SILVIA";;"N";38
9;12;"C.STORICO/PIEDICASTELLO";98;98;10;7;0;6;"MERLER";"ANDREA";;"N";203
9;12;"C.STORICO/PIEDICASTELLO";98;98;10;7;0;7;"CARLI";"MARCELLO";;"N";31
9;12;"C.STORICO/PIEDICASTELLO";98;98;10;7;0;8;"DEGASPERI";"FILIPPO";;"N";34
10;12;"C.STORICO/PIEDICASTELLO";98;98;14;9;0;1;"MARTINI";"CARMEN";;"N";18
10;12;"C.STORICO/PIEDICASTELLO";98;98;14;9;0;2;"BRUNO";"FRANCO";;"N";0
10;12;"C.STORICO/PIEDICASTELLO";98;98;14;9;0;3;"IANESELLI";"FRANCO";;"N";279
10;12;"C.STORICO/PIEDICASTELLO";98;98;14;9;0;4;"PANTANO";"GIULIANO";;"N";6
10;12;"C.STORICO/PIEDICASTELLO";98;98;14;9;0;5;"ZANETTI";"SILVIA";;"N";23
10;12;"C.STORICO/PIEDICASTELLO";98;98;14;9;0;6;"MERLER";"ANDREA";;"N";148
10;12;"C.STORICO/PIEDICASTELLO";98;98;14;9;0;7;"CARLI";"MARCELLO";;"N";31
10;12;"C.STORICO/PIEDICASTELLO";98;98;14;9;0;8;"DEGASPERI";"FILIPPO";;"N";29
11;12;"C.STORICO/PIEDICASTELLO";98;98;12;7;0;1;"MARTINI";"CARMEN";;"N";10
11;12;"C.STORICO/PIEDICASTELLO";98;98;12;7;0;2;"BRUNO";"FRANCO";;"N";1
11;12;"C.STORICO/PIEDICASTELLO";98;98;12;7;0;3;"IANESELLI";"FRANCO";;"N";263
11;12;"C.STORICO/PIEDICASTELLO";98;98;12;7;0;4;"PANTANO";"GIULIANO";;"N";4
11;12;"C.STORICO/PIEDICASTELLO";98;98;12;7;0;5;"ZANETTI";"SILVIA";;"N";18
11;12;"C.STORICO/PIEDICASTELLO";98;98;12;7;0;6;"MERLER";"ANDREA";;"N";169
11;12;"C.STORICO/PIEDICASTELLO";98;98;12;7;0;7;"CARLI";"MARCELLO";;"N";37
11;12;"C.STORICO/PIEDICASTELLO";98;98;12;7;0;8;"DEGASPERI";"FILIPPO";;"N";16
12;12;"C.STORICO/PIEDICASTELLO";98;98;11;7;0;1;"MARTINI";"CARMEN";;"N";36
12;12;"C.STORICO/PIEDICASTELLO";98;98;11;7;0;2;"BRUNO";"FRANCO";;"N";7
12;12;"C.STORICO/PIEDICASTELLO";98;98;11;7;0;3;"IANESELLI";"FRANCO";;"N";295
12;12;"C.STORICO/PIEDICASTELLO";98;98;11;7;0;4;"PANTANO";"GIULIANO";;"N";17
12;12;"C.STORICO/PIEDICASTELLO";98;98;11;7;0;5;"ZANETTI";"SILVIA";;"N";27
12;12;"C.STORICO/PIEDICASTELLO";98;98;11;7;0;6;"MERLER";"ANDREA";;"N";206
12;12;"C.STORICO/PIEDICASTELLO";98;98;11;7;0;7;"CARLI";"MARCELLO";;"N";46
12;12;"C.STORICO/PIEDICASTELLO";98;98;11;7;0;8;"DEGASPERI";"FILIPPO";;"N";14
13;12;"C.STORICO/PIEDICASTELLO";98;98;11;16;0;1;"MARTINI";"CARMEN";;"N";16
13;12;"C.STORICO/PIEDICASTELLO";98;98;11;16;0;2;"BRUNO";"FRANCO";;"N";1
13;12;"C.STORICO/PIEDICASTELLO";98;98;11;16;0;3;"IANESELLI";"FRANCO";;"N";346
13;12;"C.STORICO/PIEDICASTELLO";98;98;11;16;0;4;"PANTANO";"GIULIANO";;"N";3
13;12;"C.STORICO/PIEDICASTELLO";98;98;11;16;0;5;"ZANETTI";"SILVIA";;"N";35
13;12;"C.STORICO/PIEDICASTELLO";98;98;11;16;0;6;"MERLER";"ANDREA";;"N";188
13;12;"C.STORICO/PIEDICASTELLO";98;98;11;16;0;7;"CARLI";"MARCELLO";;"N";27
13;12;"C.STORICO/PIEDICASTELLO";98;98;11;16;0;8;"DEGASPERI";"FILIPPO";;"N";17
14;12;"C.STORICO/PIEDICASTELLO";98;98;8;11;0;1;"MARTINI";"CARMEN";;"N";16
14;12;"C.STORICO/PIEDICASTELLO";98;98;8;11;0;2;"BRUNO";"FRANCO";;"N";1
14;12;"C.STORICO/PIEDICASTELLO";98;98;8;11;0;3;"IANESELLI";"FRANCO";;"N";222
14;12;"C.STORICO/PIEDICASTELLO";98;98;8;11;0;4;"PANTANO";"GIULIANO";;"N";18
14;12;"C.STORICO/PIEDICASTELLO";98;98;8;11;0;5;"ZANETTI";"SILVIA";;"N";18
14;12;"C.STORICO/PIEDICASTELLO";98;98;8;11;0;6;"MERLER";"ANDREA";;"N";176
14;12;"C.STORICO/PIEDICASTELLO";98;98;8;11;0;7;"CARLI";"MARCELLO";;"N";33
14;12;"C.STORICO/PIEDICASTELLO";98;98;8;11;0;8;"DEGASPERI";"FILIPPO";;"N";10
15;12;"C.STORICO/PIEDICASTELLO";98;98;7;4;0;1;"MARTINI";"CARMEN";;"N";13
15;12;"C.STORICO/PIEDICASTELLO";98;98;7;4;0;2;"BRUNO";"FRANCO";;"N";1
15;12;"C.STORICO/PIEDICASTELLO";98;98;7;4;0;3;"IANESELLI";"FRANCO";;"N";260
15;12;"C.STORICO/PIEDICASTELLO";98;98;7;4;0;4;"PANTANO";"GIULIANO";;"N";5
15;12;"C.STORICO/PIEDICASTELLO";98;98;7;4;0;5;"ZANETTI";"SILVIA";;"N";14
15;12;"C.STORICO/PIEDICASTELLO";98;98;7;4;0;6;"MERLER";"ANDREA";;"N";187
15;12;"C.STORICO/PIEDICASTELLO";98;98;7;4;0;7;"CARLI";"MARCELLO";;"N";59
15;12;"C.STORICO/PIEDICASTELLO";98;98;7;4;0;8;"DEGASPERI";"FILIPPO";;"N";11
16;12;"C.STORICO/PIEDICASTELLO";98;98;5;5;0;1;"MARTINI";"CARMEN";;"N";13
16;12;"C.STORICO/PIEDICASTELLO";98;98;5;5;0;2;"BRUNO";"FRANCO";;"N";1
16;12;"C.STORICO/PIEDICASTELLO";98;98;5;5;0;3;"IANESELLI";"FRANCO";;"N";317
16;12;"C.STORICO/PIEDICASTELLO";98;98;5;5;0;4;"PANTANO";"GIULIANO";;"N";9
16;12;"C.STORICO/PIEDICASTELLO";98;98;5;5;0;5;"ZANETTI";"SILVIA";;"N";13
16;12;"C.STORICO/PIEDICASTELLO";98;98;5;5;0;6;"MERLER";"ANDREA";;"N";128
16;12;"C.STORICO/PIEDICASTELLO";98;98;5;5;0;7;"CARLI";"MARCELLO";;"N";30
16;12;"C.STORICO/PIEDICASTELLO";98;98;5;5;0;8;"DEGASPERI";"FILIPPO";;"N";20
17;11;"S.GIUSEPPE/S.CHIARA";98;98;12;8;0;1;"MARTINI";"CARMEN";;"N";9
17;11;"S.GIUSEPPE/S.CHIARA";98;98;12;8;0;2;"BRUNO";"FRANCO";;"N";2
17;11;"S.GIUSEPPE/S.CHIARA";98;98;12;8;0;3;"IANESELLI";"FRANCO";;"N";279
17;11;"S.GIUSEPPE/S.CHIARA";98;98;12;8;0;4;"PANTANO";"GIULIANO";;"N";7
17;11;"S.GIUSEPPE/S.CHIARA";98;98;12;8;0;5;"ZANETTI";"SILVIA";;"N";20
17;11;"S.GIUSEPPE/S.CHIARA";98;98;12;8;0;6;"MERLER";"ANDREA";;"N";121
17;11;"S.GIUSEPPE/S.CHIARA";98;98;12;8;0;7;"CARLI";"MARCELLO";;"N";34
17;11;"S.GIUSEPPE/S.CHIARA";98;98;12;8;0;8;"DEGASPERI";"FILIPPO";;"N";9
18;11;"S.GIUSEPPE/S.CHIARA";98;98;5;6;0;1;"MARTINI";"CARMEN";;"N";4
18;11;"S.GIUSEPPE/S.CHIARA";98;98;5;6;0;2;"BRUNO";"FRANCO";;"N";3
18;11;"S.GIUSEPPE/S.CHIARA";98;98;5;6;0;3;"IANESELLI";"FRANCO";;"N";374
18;11;"S.GIUSEPPE/S.CHIARA";98;98;5;6;0;4;"PANTANO";"GIULIANO";;"N";6
18;11;"S.GIUSEPPE/S.CHIARA";98;98;5;6;0;5;"ZANETTI";"SILVIA";;"N";15
18;11;"S.GIUSEPPE/S.CHIARA";98;98;5;6;0;6;"MERLER";"ANDREA";;"N";143
18;11;"S.GIUSEPPE/S.CHIARA";98;98;5;6;0;7;"CARLI";"MARCELLO";;"N";35
18;11;"S.GIUSEPPE/S.CHIARA";98;98;5;6;0;8;"DEGASPERI";"FILIPPO";;"N";25
19;11;"S.GIUSEPPE/S.CHIARA";98;98;12;4;0;1;"MARTINI";"CARMEN";;"N";11
19;11;"S.GIUSEPPE/S.CHIARA";98;98;12;4;0;2;"BRUNO";"FRANCO";;"N";2
19;11;"S.GIUSEPPE/S.CHIARA";98;98;12;4;0;3;"IANESELLI";"FRANCO";;"N";445
19;11;"S.GIUSEPPE/S.CHIARA";98;98;12;4;0;4;"PANTANO";"GIULIANO";;"N";9
19;11;"S.GIUSEPPE/S.CHIARA";98;98;12;4;0;5;"ZANETTI";"SILVIA";;"N";4
19;11;"S.GIUSEPPE/S.CHIARA";98;98;12;4;0;6;"MERLER";"ANDREA";;"N";146
19;11;"S.GIUSEPPE/S.CHIARA";98;98;12;4;0;7;"CARLI";"MARCELLO";;"N";29
19;11;"S.GIUSEPPE/S.CHIARA";98;98;12;4;0;8;"DEGASPERI";"FILIPPO";;"N";20
20;11;"S.GIUSEPPE/S.CHIARA";98;98;13;10;0;1;"MARTINI";"CARMEN";;"N";13
20;11;"S.GIUSEPPE/S.CHIARA";98;98;13;10;0;2;"BRUNO";"FRANCO";;"N";1
20;11;"S.GIUSEPPE/S.CHIARA";98;98;13;10;0;3;"IANESELLI";"FRANCO";;"N";397
20;11;"S.GIUSEPPE/S.CHIARA";98;98;13;10;0;4;"PANTANO";"GIULIANO";;"N";10
20;11;"S.GIUSEPPE/S.CHIARA";98;98;13;10;0;5;"ZANETTI";"SILVIA";;"N";26
20;11;"S.GIUSEPPE/S.CHIARA";98;98;13;10;0;6;"MERLER";"ANDREA";;"N";133
20;11;"S.GIUSEPPE/S.CHIARA";98;98;13;10;0;7;"CARLI";"MARCELLO";;"N";20
20;11;"S.GIUSEPPE/S.CHIARA";98;98;13;10;0;8;"DEGASPERI";"FILIPPO";;"N";16
21;11;"S.GIUSEPPE/S.CHIARA";98;98;5;8;0;1;"MARTINI";"CARMEN";;"N";10
21;11;"S.GIUSEPPE/S.CHIARA";98;98;5;8;0;2;"BRUNO";"FRANCO";;"N";0
21;11;"S.GIUSEPPE/S.CHIARA";98;98;5;8;0;3;"IANESELLI";"FRANCO";;"N";389
21;11;"S.GIUSEPPE/S.CHIARA";98;98;5;8;0;4;"PANTANO";"GIULIANO";;"N";6
21;11;"S.GIUSEPPE/S.CHIARA";98;98;5;8;0;5;"ZANETTI";"SILVIA";;"N";15
21;11;"S.GIUSEPPE/S.CHIARA";98;98;5;8;0;6;"MERLER";"ANDREA";;"N";135
21;11;"S.GIUSEPPE/S.CHIARA";98;98;5;8;0;7;"CARLI";"MARCELLO";;"N";35
21;11;"S.GIUSEPPE/S.CHIARA";98;98;5;8;0;8;"DEGASPERI";"FILIPPO";;"N";13
22;11;"S.GIUSEPPE/S.CHIARA";98;98;14;11;0;1;"MARTINI";"CARMEN";;"N";13
22;11;"S.GIUSEPPE/S.CHIARA";98;98;14;11;0;2;"BRUNO";"FRANCO";;"N";4
22;11;"S.GIUSEPPE/S.CHIARA";98;98;14;11;0;3;"IANESELLI";"FRANCO";;"N";423
22;11;"S.GIUSEPPE/S.CHIARA";98;98;14;11;0;4;"PANTANO";"GIULIANO";;"N";5
22;11;"S.GIUSEPPE/S.CHIARA";98;98;14;11;0;5;"ZANETTI";"SILVIA";;"N";23
22;11;"S.GIUSEPPE/S.CHIARA";98;98;14;11;0;6;"MERLER";"ANDREA";;"N";167
22;11;"S.GIUSEPPE/S.CHIARA";98;98;14;11;0;7;"CARLI";"MARCELLO";;"N";50
22;11;"S.GIUSEPPE/S.CHIARA";98;98;14;11;0;8;"DEGASPERI";"FILIPPO";;"N";12
23;11;"S.GIUSEPPE/S.CHIARA";98;98;10;7;0;1;"MARTINI";"CARMEN";;"N";8
23;11;"S.GIUSEPPE/S.CHIARA";98;98;10;7;0;2;"BRUNO";"FRANCO";;"N";0
23;11;"S.GIUSEPPE/S.CHIARA";98;98;10;7;0;3;"IANESELLI";"FRANCO";;"N";278
23;11;"S.GIUSEPPE/S.CHIARA";98;98;10;7;0;4;"PANTANO";"GIULIANO";;"N";6
23;11;"S.GIUSEPPE/S.CHIARA";98;98;10;7;0;5;"ZANETTI";"SILVIA";;"N";20
23;11;"S.GIUSEPPE/S.CHIARA";98;98;10;7;0;6;"MERLER";"ANDREA";;"N";115
23;11;"S.GIUSEPPE/S.CHIARA";98;98;10;7;0;7;"CARLI";"MARCELLO";;"N";26
23;11;"S.GIUSEPPE/S.CHIARA";98;98;10;7;0;8;"DEGASPERI";"FILIPPO";;"N";13
24;11;"S.GIUSEPPE/S.CHIARA";98;98;9;8;0;1;"MARTINI";"CARMEN";;"N";13
24;11;"S.GIUSEPPE/S.CHIARA";98;98;9;8;0;2;"BRUNO";"FRANCO";;"N";1
24;11;"S.GIUSEPPE/S.CHIARA";98;98;9;8;0;3;"IANESELLI";"FRANCO";;"N";273
24;11;"S.GIUSEPPE/S.CHIARA";98;98;9;8;0;4;"PANTANO";"GIULIANO";;"N";6
24;11;"S.GIUSEPPE/S.CHIARA";98;98;9;8;0;5;"ZANETTI";"SILVIA";;"N";6
24;11;"S.GIUSEPPE/S.CHIARA";98;98;9;8;0;6;"MERLER";"ANDREA";;"N";142
24;11;"S.GIUSEPPE/S.CHIARA";98;98;9;8;0;7;"CARLI";"MARCELLO";;"N";17
24;11;"S.GIUSEPPE/S.CHIARA";98;98;9;8;0;8;"DEGASPERI";"FILIPPO";;"N";14
25;11;"S.GIUSEPPE/S.CHIARA";98;98;6;15;0;1;"MARTINI";"CARMEN";;"N";8
25;11;"S.GIUSEPPE/S.CHIARA";98;98;6;15;0;2;"BRUNO";"FRANCO";;"N";3
25;11;"S.GIUSEPPE/S.CHIARA";98;98;6;15;0;3;"IANESELLI";"FRANCO";;"N";340
25;11;"S.GIUSEPPE/S.CHIARA";98;98;6;15;0;4;"PANTANO";"GIULIANO";;"N";5
25;11;"S.GIUSEPPE/S.CHIARA";98;98;6;15;0;5;"ZANETTI";"SILVIA";;"N";27
25;11;"S.GIUSEPPE/S.CHIARA";98;98;6;15;0;6;"MERLER";"ANDREA";;"N";130
25;11;"S.GIUSEPPE/S.CHIARA";98;98;6;15;0;7;"CARLI";"MARCELLO";;"N";22
25;11;"S.GIUSEPPE/S.CHIARA";98;98;6;15;0;8;"DEGASPERI";"FILIPPO";;"N";10
26;11;"S.GIUSEPPE/S.CHIARA";98;98;11;5;0;1;"MARTINI";"CARMEN";;"N";11
26;11;"S.GIUSEPPE/S.CHIARA";98;98;11;5;0;2;"BRUNO";"FRANCO";;"N";3
26;11;"S.GIUSEPPE/S.CHIARA";98;98;11;5;0;3;"IANESELLI";"FRANCO";;"N";298
26;11;"S.GIUSEPPE/S.CHIARA";98;98;11;5;0;4;"PANTANO";"GIULIANO";;"N";11
26;11;"S.GIUSEPPE/S.CHIARA";98;98;11;5;0;5;"ZANETTI";"SILVIA";;"N";25
26;11;"S.GIUSEPPE/S.CHIARA";98;98;11;5;0;6;"MERLER";"ANDREA";;"N";131
26;11;"S.GIUSEPPE/S.CHIARA";98;98;11;5;0;7;"CARLI";"MARCELLO";;"N";19
26;11;"S.GIUSEPPE/S.CHIARA";98;98;11;5;0;8;"DEGASPERI";"FILIPPO";;"N";16
27;11;"S.GIUSEPPE/S.CHIARA";98;98;10;15;0;1;"MARTINI";"CARMEN";;"N";10
27;11;"S.GIUSEPPE/S.CHIARA";98;98;10;15;0;2;"BRUNO";"FRANCO";;"N";0
27;11;"S.GIUSEPPE/S.CHIARA";98;98;10;15;0;3;"IANESELLI";"FRANCO";;"N";311
27;11;"S.GIUSEPPE/S.CHIARA";98;98;10;15;0;4;"PANTANO";"GIULIANO";;"N";5
27;11;"S.GIUSEPPE/S.CHIARA";98;98;10;15;0;5;"ZANETTI";"SILVIA";;"N";11
27;11;"S.GIUSEPPE/S.CHIARA";98;98;10;15;0;6;"MERLER";"ANDREA";;"N";146
27;11;"S.GIUSEPPE/S.CHIARA";98;98;10;15;0;7;"CARLI";"MARCELLO";;"N";24
27;11;"S.GIUSEPPE/S.CHIARA";98;98;10;15;0;8;"DEGASPERI";"FILIPPO";;"N";8
28;11;"S.GIUSEPPE/S.CHIARA";98;98;4;6;0;1;"MARTINI";"CARMEN";;"N";15
28;11;"S.GIUSEPPE/S.CHIARA";98;98;4;6;0;2;"BRUNO";"FRANCO";;"N";0
28;11;"S.GIUSEPPE/S.CHIARA";98;98;4;6;0;3;"IANESELLI";"FRANCO";;"N";398
28;11;"S.GIUSEPPE/S.CHIARA";98;98;4;6;0;4;"PANTANO";"GIULIANO";;"N";7
28;11;"S.GIUSEPPE/S.CHIARA";98;98;4;6;0;5;"ZANETTI";"SILVIA";;"N";25
28;11;"S.GIUSEPPE/S.CHIARA";98;98;4;6;0;6;"MERLER";"ANDREA";;"N";116
28;11;"S.GIUSEPPE/S.CHIARA";98;98;4;6;0;7;"CARLI";"MARCELLO";;"N";20
28;11;"S.GIUSEPPE/S.CHIARA";98;98;4;6;0;8;"DEGASPERI";"FILIPPO";;"N";18
29;11;"S.GIUSEPPE/S.CHIARA";98;98;6;5;0;1;"MARTINI";"CARMEN";;"N";22
29;11;"S.GIUSEPPE/S.CHIARA";98;98;6;5;0;2;"BRUNO";"FRANCO";;"N";0
29;11;"S.GIUSEPPE/S.CHIARA";98;98;6;5;0;3;"IANESELLI";"FRANCO";;"N";334
29;11;"S.GIUSEPPE/S.CHIARA";98;98;6;5;0;4;"PANTANO";"GIULIANO";;"N";11
29;11;"S.GIUSEPPE/S.CHIARA";98;98;6;5;0;5;"ZANETTI";"SILVIA";;"N";18
29;11;"S.GIUSEPPE/S.CHIARA";98;98;6;5;0;6;"MERLER";"ANDREA";;"N";121
29;11;"S.GIUSEPPE/S.CHIARA";98;98;6;5;0;7;"CARLI";"MARCELLO";;"N";18
29;11;"S.GIUSEPPE/S.CHIARA";98;98;6;5;0;8;"DEGASPERI";"FILIPPO";;"N";9
30;11;"S.GIUSEPPE/S.CHIARA";98;98;4;9;0;1;"MARTINI";"CARMEN";;"N";14
30;11;"S.GIUSEPPE/S.CHIARA";98;98;4;9;0;2;"BRUNO";"FRANCO";;"N";1
30;11;"S.GIUSEPPE/S.CHIARA";98;98;4;9;0;3;"IANESELLI";"FRANCO";;"N";333
30;11;"S.GIUSEPPE/S.CHIARA";98;98;4;9;0;4;"PANTANO";"GIULIANO";;"N";3
30;11;"S.GIUSEPPE/S.CHIARA";98;98;4;9;0;5;"ZANETTI";"SILVIA";;"N";13
30;11;"S.GIUSEPPE/S.CHIARA";98;98;4;9;0;6;"MERLER";"ANDREA";;"N";151
30;11;"S.GIUSEPPE/S.CHIARA";98;98;4;9;0;7;"CARLI";"MARCELLO";;"N";25
30;11;"S.GIUSEPPE/S.CHIARA";98;98;4;9;0;8;"DEGASPERI";"FILIPPO";;"N";8
31;11;"S.GIUSEPPE/S.CHIARA";98;98;12;6;0;1;"MARTINI";"CARMEN";;"N";15
31;11;"S.GIUSEPPE/S.CHIARA";98;98;12;6;0;2;"BRUNO";"FRANCO";;"N";2
31;11;"S.GIUSEPPE/S.CHIARA";98;98;12;6;0;3;"IANESELLI";"FRANCO";;"N";279
31;11;"S.GIUSEPPE/S.CHIARA";98;98;12;6;0;4;"PANTANO";"GIULIANO";;"N";1
31;11;"S.GIUSEPPE/S.CHIARA";98;98;12;6;0;5;"ZANETTI";"SILVIA";;"N";15
31;11;"S.GIUSEPPE/S.CHIARA";98;98;12;6;0;6;"MERLER";"ANDREA";;"N";164
31;11;"S.GIUSEPPE/S.CHIARA";98;98;12;6;0;7;"CARLI";"MARCELLO";;"N";31
31;11;"S.GIUSEPPE/S.CHIARA";98;98;12;6;0;8;"DEGASPERI";"FILIPPO";;"N";24
32;10;"OLTRE FERSINA";98;98;5;9;0;1;"MARTINI";"CARMEN";;"N";10
32;10;"OLTRE FERSINA";98;98;5;9;0;2;"BRUNO";"FRANCO";;"N";2
32;10;"OLTRE FERSINA";98;98;5;9;0;3;"IANESELLI";"FRANCO";;"N";386
32;10;"OLTRE FERSINA";98;98;5;9;0;4;"PANTANO";"GIULIANO";;"N";7
32;10;"OLTRE FERSINA";98;98;5;9;0;5;"ZANETTI";"SILVIA";;"N";22
32;10;"OLTRE FERSINA";98;98;5;9;0;6;"MERLER";"ANDREA";;"N";81
32;10;"OLTRE FERSINA";98;98;5;9;0;7;"CARLI";"MARCELLO";;"N";34
32;10;"OLTRE FERSINA";98;98;5;9;0;8;"DEGASPERI";"FILIPPO";;"N";17
33;10;"OLTRE FERSINA";98;98;9;8;0;1;"MARTINI";"CARMEN";;"N";11
33;10;"OLTRE FERSINA";98;98;9;8;0;2;"BRUNO";"FRANCO";;"N";0
33;10;"OLTRE FERSINA";98;98;9;8;0;3;"IANESELLI";"FRANCO";;"N";395
33;10;"OLTRE FERSINA";98;98;9;8;0;4;"PANTANO";"GIULIANO";;"N";6
33;10;"OLTRE FERSINA";98;98;9;8;0;5;"ZANETTI";"SILVIA";;"N";12
33;10;"OLTRE FERSINA";98;98;9;8;0;6;"MERLER";"ANDREA";;"N";124
33;10;"OLTRE FERSINA";98;98;9;8;0;7;"CARLI";"MARCELLO";;"N";27
33;10;"OLTRE FERSINA";98;98;9;8;0;8;"DEGASPERI";"FILIPPO";;"N";17
34;10;"OLTRE FERSINA";98;98;9;8;0;1;"MARTINI";"CARMEN";;"N";8
34;10;"OLTRE FERSINA";98;98;9;8;0;2;"BRUNO";"FRANCO";;"N";0
34;10;"OLTRE FERSINA";98;98;9;8;0;3;"IANESELLI";"FRANCO";;"N";388
34;10;"OLTRE FERSINA";98;98;9;8;0;4;"PANTANO";"GIULIANO";;"N";5
34;10;"OLTRE FERSINA";98;98;9;8;0;5;"ZANETTI";"SILVIA";;"N";19
34;10;"OLTRE FERSINA";98;98;9;8;0;6;"MERLER";"ANDREA";;"N";132
34;10;"OLTRE FERSINA";98;98;9;8;0;7;"CARLI";"MARCELLO";;"N";31
34;10;"OLTRE FERSINA";98;98;9;8;0;8;"DEGASPERI";"FILIPPO";;"N";9
35;10;"OLTRE FERSINA";98;98;12;9;0;1;"MARTINI";"CARMEN";;"N";15
35;10;"OLTRE FERSINA";98;98;12;9;0;2;"BRUNO";"FRANCO";;"N";0
35;10;"OLTRE FERSINA";98;98;12;9;0;3;"IANESELLI";"FRANCO";;"N";401
35;10;"OLTRE FERSINA";98;98;12;9;0;4;"PANTANO";"GIULIANO";;"N";4
35;10;"OLTRE FERSINA";98;98;12;9;0;5;"ZANETTI";"SILVIA";;"N";11
35;10;"OLTRE FERSINA";98;98;12;9;0;6;"MERLER";"ANDREA";;"N";148
35;10;"OLTRE FERSINA";98;98;12;9;0;7;"CARLI";"MARCELLO";;"N";27
35;10;"OLTRE FERSINA";98;98;12;9;0;8;"DEGASPERI";"FILIPPO";;"N";21
36;10;"OLTRE FERSINA";98;98;3;6;0;1;"MARTINI";"CARMEN";;"N";7
36;10;"OLTRE FERSINA";98;98;3;6;0;2;"BRUNO";"FRANCO";;"N";0
36;10;"OLTRE FERSINA";98;98;3;6;0;3;"IANESELLI";"FRANCO";;"N";374
36;10;"OLTRE FERSINA";98;98;3;6;0;4;"PANTANO";"GIULIANO";;"N";7
36;10;"OLTRE FERSINA";98;98;3;6;0;5;"ZANETTI";"SILVIA";;"N";21
36;10;"OLTRE FERSINA";98;98;3;6;0;6;"MERLER";"ANDREA";;"N";122
36;10;"OLTRE FERSINA";98;98;3;6;0;7;"CARLI";"MARCELLO";;"N";26
36;10;"OLTRE FERSINA";98;98;3;6;0;8;"DEGASPERI";"FILIPPO";;"N";16
37;10;"OLTRE FERSINA";98;98;8;18;0;1;"MARTINI";"CARMEN";;"N";16
37;10;"OLTRE FERSINA";98;98;8;18;0;2;"BRUNO";"FRANCO";;"N";0
37;10;"OLTRE FERSINA";98;98;8;18;0;3;"IANESELLI";"FRANCO";;"N";280
37;10;"OLTRE FERSINA";98;98;8;18;0;4;"PANTANO";"GIULIANO";;"N";10
37;10;"OLTRE FERSINA";98;98;8;18;0;5;"ZANETTI";"SILVIA";;"N";7
37;10;"OLTRE FERSINA";98;98;8;18;0;6;"MERLER";"ANDREA";;"N";165
37;10;"OLTRE FERSINA";98;98;8;18;0;7;"CARLI";"MARCELLO";;"N";17
37;10;"OLTRE FERSINA";98;98;8;18;0;8;"DEGASPERI";"FILIPPO";;"N";10
38;10;"OLTRE FERSINA";98;98;9;8;0;1;"MARTINI";"CARMEN";;"N";8
38;10;"OLTRE FERSINA";98;98;9;8;0;2;"BRUNO";"FRANCO";;"N";2
38;10;"OLTRE FERSINA";98;98;9;8;0;3;"IANESELLI";"FRANCO";;"N";336
38;10;"OLTRE FERSINA";98;98;9;8;0;4;"PANTANO";"GIULIANO";;"N";4
38;10;"OLTRE FERSINA";98;98;9;8;0;5;"ZANETTI";"SILVIA";;"N";10
38;10;"OLTRE FERSINA";98;98;9;8;0;6;"MERLER";"ANDREA";;"N";216
38;10;"OLTRE FERSINA";98;98;9;8;0;7;"CARLI";"MARCELLO";;"N";38
38;10;"OLTRE FERSINA";98;98;9;8;0;8;"DEGASPERI";"FILIPPO";;"N";10
39;10;"OLTRE FERSINA";98;98;10;9;0;1;"MARTINI";"CARMEN";;"N";19
39;10;"OLTRE FERSINA";98;98;10;9;0;2;"BRUNO";"FRANCO";;"N";2
39;10;"OLTRE FERSINA";98;98;10;9;0;3;"IANESELLI";"FRANCO";;"N";315
39;10;"OLTRE FERSINA";98;98;10;9;0;4;"PANTANO";"GIULIANO";;"N";4
39;10;"OLTRE FERSINA";98;98;10;9;0;5;"ZANETTI";"SILVIA";;"N";18
39;10;"OLTRE FERSINA";98;98;10;9;0;6;"MERLER";"ANDREA";;"N";200
39;10;"OLTRE FERSINA";98;98;10;9;0;7;"CARLI";"MARCELLO";;"N";26
39;10;"OLTRE FERSINA";98;98;10;9;0;8;"DEGASPERI";"FILIPPO";;"N";20
40;10;"OLTRE FERSINA";98;98;12;11;0;1;"MARTINI";"CARMEN";;"N";20
40;10;"OLTRE FERSINA";98;98;12;11;0;2;"BRUNO";"FRANCO";;"N";1
40;10;"OLTRE FERSINA";98;98;12;11;0;3;"IANESELLI";"FRANCO";;"N";341
40;10;"OLTRE FERSINA";98;98;12;11;0;4;"PANTANO";"GIULIANO";;"N";11
40;10;"OLTRE FERSINA";98;98;12;11;0;5;"ZANETTI";"SILVIA";;"N";35
40;10;"OLTRE FERSINA";98;98;12;11;0;6;"MERLER";"ANDREA";;"N";241
40;10;"OLTRE FERSINA";98;98;12;11;0;7;"CARLI";"MARCELLO";;"N";28
40;10;"OLTRE FERSINA";98;98;12;11;0;8;"DEGASPERI";"FILIPPO";;"N";15
41;10;"OLTRE FERSINA";98;98;13;15;0;1;"MARTINI";"CARMEN";;"N";23
41;10;"OLTRE FERSINA";98;98;13;15;0;2;"BRUNO";"FRANCO";;"N";0
41;10;"OLTRE FERSINA";98;98;13;15;0;3;"IANESELLI";"FRANCO";;"N";316
41;10;"OLTRE FERSINA";98;98;13;15;0;4;"PANTANO";"GIULIANO";;"N";6
41;10;"OLTRE FERSINA";98;98;13;15;0;5;"ZANETTI";"SILVIA";;"N";25
41;10;"OLTRE FERSINA";98;98;13;15;0;6;"MERLER";"ANDREA";;"N";169
41;10;"OLTRE FERSINA";98;98;13;15;0;7;"CARLI";"MARCELLO";;"N";34
41;10;"OLTRE FERSINA";98;98;13;15;0;8;"DEGASPERI";"FILIPPO";;"N";14
42;10;"OLTRE FERSINA";98;98;23;10;0;1;"MARTINI";"CARMEN";;"N";30
42;10;"OLTRE FERSINA";98;98;23;10;0;2;"BRUNO";"FRANCO";;"N";6
42;10;"OLTRE FERSINA";98;98;23;10;0;3;"IANESELLI";"FRANCO";;"N";367
42;10;"OLTRE FERSINA";98;98;23;10;0;4;"PANTANO";"GIULIANO";;"N";10
42;10;"OLTRE FERSINA";98;98;23;10;0;5;"ZANETTI";"SILVIA";;"N";23
42;10;"OLTRE FERSINA";98;98;23;10;0;6;"MERLER";"ANDREA";;"N";185
42;10;"OLTRE FERSINA";98;98;23;10;0;7;"CARLI";"MARCELLO";;"N";27
42;10;"OLTRE FERSINA";98;98;23;10;0;8;"DEGASPERI";"FILIPPO";;"N";23
43;10;"OLTRE FERSINA";98;98;3;8;0;1;"MARTINI";"CARMEN";;"N";14
43;10;"OLTRE FERSINA";98;98;3;8;0;2;"BRUNO";"FRANCO";;"N";2
43;10;"OLTRE FERSINA";98;98;3;8;0;3;"IANESELLI";"FRANCO";;"N";286
43;10;"OLTRE FERSINA";98;98;3;8;0;4;"PANTANO";"GIULIANO";;"N";8
43;10;"OLTRE FERSINA";98;98;3;8;0;5;"ZANETTI";"SILVIA";;"N";20
43;10;"OLTRE FERSINA";98;98;3;8;0;6;"MERLER";"ANDREA";;"N";128
43;10;"OLTRE FERSINA";98;98;3;8;0;7;"CARLI";"MARCELLO";;"N";13
43;10;"OLTRE FERSINA";98;98;3;8;0;8;"DEGASPERI";"FILIPPO";;"N";13
44;10;"OLTRE FERSINA";98;98;7;15;0;1;"MARTINI";"CARMEN";;"N";12
44;10;"OLTRE FERSINA";98;98;7;15;0;2;"BRUNO";"FRANCO";;"N";2
44;10;"OLTRE FERSINA";98;98;7;15;0;3;"IANESELLI";"FRANCO";;"N";296
44;10;"OLTRE FERSINA";98;98;7;15;0;4;"PANTANO";"GIULIANO";;"N";11
44;10;"OLTRE FERSINA";98;98;7;15;0;5;"ZANETTI";"SILVIA";;"N";24
44;10;"OLTRE FERSINA";98;98;7;15;0;6;"MERLER";"ANDREA";;"N";180
44;10;"OLTRE FERSINA";98;98;7;15;0;7;"CARLI";"MARCELLO";;"N";29
44;10;"OLTRE FERSINA";98;98;7;15;0;8;"DEGASPERI";"FILIPPO";;"N";35
45;10;"OLTRE FERSINA";98;98;7;5;0;1;"MARTINI";"CARMEN";;"N";19
45;10;"OLTRE FERSINA";98;98;7;5;0;2;"BRUNO";"FRANCO";;"N";1
45;10;"OLTRE FERSINA";98;98;7;5;0;3;"IANESELLI";"FRANCO";;"N";273
45;10;"OLTRE FERSINA";98;98;7;5;0;4;"PANTANO";"GIULIANO";;"N";6
45;10;"OLTRE FERSINA";98;98;7;5;0;5;"ZANETTI";"SILVIA";;"N";11
45;10;"OLTRE FERSINA";98;98;7;5;0;6;"MERLER";"ANDREA";;"N";233
45;10;"OLTRE FERSINA";98;98;7;5;0;7;"CARLI";"MARCELLO";;"N";35
45;10;"OLTRE FERSINA";98;98;7;5;0;8;"DEGASPERI";"FILIPPO";;"N";14
46;10;"OLTRE FERSINA";98;98;17;18;0;1;"MARTINI";"CARMEN";;"N";15
46;10;"OLTRE FERSINA";98;98;17;18;0;2;"BRUNO";"FRANCO";;"N";4
46;10;"OLTRE FERSINA";98;98;17;18;0;3;"IANESELLI";"FRANCO";;"N";294
46;10;"OLTRE FERSINA";98;98;17;18;0;4;"PANTANO";"GIULIANO";;"N";4
46;10;"OLTRE FERSINA";98;98;17;18;0;5;"ZANETTI";"SILVIA";;"N";18
46;10;"OLTRE FERSINA";98;98;17;18;0;6;"MERLER";"ANDREA";;"N";192
46;10;"OLTRE FERSINA";98;98;17;18;0;7;"CARLI";"MARCELLO";;"N";30
46;10;"OLTRE FERSINA";98;98;17;18;0;8;"DEGASPERI";"FILIPPO";;"N";13
47;10;"OLTRE FERSINA";98;98;12;9;0;1;"MARTINI";"CARMEN";;"N";28
47;10;"OLTRE FERSINA";98;98;12;9;0;2;"BRUNO";"FRANCO";;"N";3
47;10;"OLTRE FERSINA";98;98;12;9;0;3;"IANESELLI";"FRANCO";;"N";345
47;10;"OLTRE FERSINA";98;98;12;9;0;4;"PANTANO";"GIULIANO";;"N";15
47;10;"OLTRE FERSINA";98;98;12;9;0;5;"ZANETTI";"SILVIA";;"N";29
47;10;"OLTRE FERSINA";98;98;12;9;0;6;"MERLER";"ANDREA";;"N";227
47;10;"OLTRE FERSINA";98;98;12;9;0;7;"CARLI";"MARCELLO";;"N";32
47;10;"OLTRE FERSINA";98;98;12;9;0;8;"DEGASPERI";"FILIPPO";;"N";22
48;10;"OLTRE FERSINA";98;98;0;0;0;1;"MARTINI";"CARMEN";;"N";2
48;10;"OLTRE FERSINA";98;98;0;0;0;2;"BRUNO";"FRANCO";;"N";0
48;10;"OLTRE FERSINA";98;98;0;0;0;3;"IANESELLI";"FRANCO";;"N";13
48;10;"OLTRE FERSINA";98;98;0;0;0;4;"PANTANO";"GIULIANO";;"N";1
48;10;"OLTRE FERSINA";98;98;0;0;0;5;"ZANETTI";"SILVIA";;"N";1
48;10;"OLTRE FERSINA";98;98;0;0;0;6;"MERLER";"ANDREA";;"N";7
48;10;"OLTRE FERSINA";98;98;0;0;0;7;"CARLI";"MARCELLO";;"N";1
48;10;"OLTRE FERSINA";98;98;0;0;0;8;"DEGASPERI";"FILIPPO";;"N";0
49;10;"OLTRE FERSINA";98;98;0;0;0;1;"MARTINI";"CARMEN";;"N";0
49;10;"OLTRE FERSINA";98;98;0;0;0;2;"BRUNO";"FRANCO";;"N";0
49;10;"OLTRE FERSINA";98;98;0;0;0;3;"IANESELLI";"FRANCO";;"N";35
49;10;"OLTRE FERSINA";98;98;0;0;0;4;"PANTANO";"GIULIANO";;"N";0
49;10;"OLTRE FERSINA";98;98;0;0;0;5;"ZANETTI";"SILVIA";;"N";1
49;10;"OLTRE FERSINA";98;98;0;0;0;6;"MERLER";"ANDREA";;"N";9
49;10;"OLTRE FERSINA";98;98;0;0;0;7;"CARLI";"MARCELLO";;"N";3
49;10;"OLTRE FERSINA";98;98;0;0;0;8;"DEGASPERI";"FILIPPO";;"N";2
50;9;"VILLAZZANO";98;98;20;6;0;1;"MARTINI";"CARMEN";;"N";11
50;9;"VILLAZZANO";98;98;20;6;0;2;"BRUNO";"FRANCO";;"N";4
50;9;"VILLAZZANO";98;98;20;6;0;3;"IANESELLI";"FRANCO";;"N";364
50;9;"VILLAZZANO";98;98;20;6;0;4;"PANTANO";"GIULIANO";;"N";0
50;9;"VILLAZZANO";98;98;20;6;0;5;"ZANETTI";"SILVIA";;"N";26
50;9;"VILLAZZANO";98;98;20;6;0;6;"MERLER";"ANDREA";;"N";229
50;9;"VILLAZZANO";98;98;20;6;0;7;"CARLI";"MARCELLO";;"N";39
50;9;"VILLAZZANO";98;98;20;6;0;8;"DEGASPERI";"FILIPPO";;"N";13
51;9;"VILLAZZANO";98;98;10;8;0;1;"MARTINI";"CARMEN";;"N";14
51;9;"VILLAZZANO";98;98;10;8;0;2;"BRUNO";"FRANCO";;"N";2
51;9;"VILLAZZANO";98;98;10;8;0;3;"IANESELLI";"FRANCO";;"N";459
51;9;"VILLAZZANO";98;98;10;8;0;4;"PANTANO";"GIULIANO";;"N";6
51;9;"VILLAZZANO";98;98;10;8;0;5;"ZANETTI";"SILVIA";;"N";30
51;9;"VILLAZZANO";98;98;10;8;0;6;"MERLER";"ANDREA";;"N";214
51;9;"VILLAZZANO";98;98;10;8;0;7;"CARLI";"MARCELLO";;"N";37
51;9;"VILLAZZANO";98;98;10;8;0;8;"DEGASPERI";"FILIPPO";;"N";24
52;9;"VILLAZZANO";98;98;18;6;0;1;"MARTINI";"CARMEN";;"N";7
52;9;"VILLAZZANO";98;98;18;6;0;2;"BRUNO";"FRANCO";;"N";3
52;9;"VILLAZZANO";98;98;18;6;0;3;"IANESELLI";"FRANCO";;"N";452
52;9;"VILLAZZANO";98;98;18;6;0;4;"PANTANO";"GIULIANO";;"N";8
52;9;"VILLAZZANO";98;98;18;6;0;5;"ZANETTI";"SILVIA";;"N";23
52;9;"VILLAZZANO";98;98;18;6;0;6;"MERLER";"ANDREA";;"N";219
52;9;"VILLAZZANO";98;98;18;6;0;7;"CARLI";"MARCELLO";;"N";30
52;9;"VILLAZZANO";98;98;18;6;0;8;"DEGASPERI";"FILIPPO";;"N";14
53;9;"VILLAZZANO";98;98;9;12;0;1;"MARTINI";"CARMEN";;"N";9
53;9;"VILLAZZANO";98;98;9;12;0;2;"BRUNO";"FRANCO";;"N";2
53;9;"VILLAZZANO";98;98;9;12;0;3;"IANESELLI";"FRANCO";;"N";379
53;9;"VILLAZZANO";98;98;9;12;0;4;"PANTANO";"GIULIANO";;"N";4
53;9;"VILLAZZANO";98;98;9;12;0;5;"ZANETTI";"SILVIA";;"N";23
53;9;"VILLAZZANO";98;98;9;12;0;6;"MERLER";"ANDREA";;"N";203
53;9;"VILLAZZANO";98;98;9;12;0;7;"CARLI";"MARCELLO";;"N";43
53;9;"VILLAZZANO";98;98;9;12;0;8;"DEGASPERI";"FILIPPO";;"N";18
54;8;"MATTARELLO";98;98;15;14;0;1;"MARTINI";"CARMEN";;"N";15
54;8;"MATTARELLO";98;98;15;14;0;2;"BRUNO";"FRANCO";;"N";3
54;8;"MATTARELLO";98;98;15;14;0;3;"IANESELLI";"FRANCO";;"N";325
54;8;"MATTARELLO";98;98;15;14;0;4;"PANTANO";"GIULIANO";;"N";3
54;8;"MATTARELLO";98;98;15;14;0;5;"ZANETTI";"SILVIA";;"N";21
54;8;"MATTARELLO";98;98;15;14;0;6;"MERLER";"ANDREA";;"N";192
54;8;"MATTARELLO";98;98;15;14;0;7;"CARLI";"MARCELLO";;"N";48
54;8;"MATTARELLO";98;98;15;14;0;8;"DEGASPERI";"FILIPPO";;"N";15
55;8;"MATTARELLO";98;98;14;3;0;1;"MARTINI";"CARMEN";;"N";24
55;8;"MATTARELLO";98;98;14;3;0;2;"BRUNO";"FRANCO";;"N";2
55;8;"MATTARELLO";98;98;14;3;0;3;"IANESELLI";"FRANCO";;"N";277
55;8;"MATTARELLO";98;98;14;3;0;4;"PANTANO";"GIULIANO";;"N";4
55;8;"MATTARELLO";98;98;14;3;0;5;"ZANETTI";"SILVIA";;"N";27
55;8;"MATTARELLO";98;98;14;3;0;6;"MERLER";"ANDREA";;"N";219
55;8;"MATTARELLO";98;98;14;3;0;7;"CARLI";"MARCELLO";;"N";39
55;8;"MATTARELLO";98;98;14;3;0;8;"DEGASPERI";"FILIPPO";;"N";6
56;8;"MATTARELLO";98;98;9;21;0;1;"MARTINI";"CARMEN";;"N";13
56;8;"MATTARELLO";98;98;9;21;0;2;"BRUNO";"FRANCO";;"N";1
56;8;"MATTARELLO";98;98;9;21;0;3;"IANESELLI";"FRANCO";;"N";271
56;8;"MATTARELLO";98;98;9;21;0;4;"PANTANO";"GIULIANO";;"N";4
56;8;"MATTARELLO";98;98;9;21;0;5;"ZANETTI";"SILVIA";;"N";18
56;8;"MATTARELLO";98;98;9;21;0;6;"MERLER";"ANDREA";;"N";176
56;8;"MATTARELLO";98;98;9;21;0;7;"CARLI";"MARCELLO";;"N";55
56;8;"MATTARELLO";98;98;9;21;0;8;"DEGASPERI";"FILIPPO";;"N";23
57;8;"MATTARELLO";98;98;18;14;0;1;"MARTINI";"CARMEN";;"N";18
57;8;"MATTARELLO";98;98;18;14;0;2;"BRUNO";"FRANCO";;"N";1
57;8;"MATTARELLO";98;98;18;14;0;3;"IANESELLI";"FRANCO";;"N";360
57;8;"MATTARELLO";98;98;18;14;0;4;"PANTANO";"GIULIANO";;"N";2
57;8;"MATTARELLO";98;98;18;14;0;5;"ZANETTI";"SILVIA";;"N";21
57;8;"MATTARELLO";98;98;18;14;0;6;"MERLER";"ANDREA";;"N";213
57;8;"MATTARELLO";98;98;18;14;0;7;"CARLI";"MARCELLO";;"N";70
57;8;"MATTARELLO";98;98;18;14;0;8;"DEGASPERI";"FILIPPO";;"N";29
58;8;"MATTARELLO";98;98;14;13;0;1;"MARTINI";"CARMEN";;"N";12
58;8;"MATTARELLO";98;98;14;13;0;2;"BRUNO";"FRANCO";;"N";1
58;8;"MATTARELLO";98;98;14;13;0;3;"IANESELLI";"FRANCO";;"N";249
58;8;"MATTARELLO";98;98;14;13;0;4;"PANTANO";"GIULIANO";;"N";0
58;8;"MATTARELLO";98;98;14;13;0;5;"ZANETTI";"SILVIA";;"N";10
58;8;"MATTARELLO";98;98;14;13;0;6;"MERLER";"ANDREA";;"N";156
58;8;"MATTARELLO";98;98;14;13;0;7;"CARLI";"MARCELLO";;"N";59
58;8;"MATTARELLO";98;98;14;13;0;8;"DEGASPERI";"FILIPPO";;"N";19
59;7;"POVO";98;98;12;11;0;1;"MARTINI";"CARMEN";;"N";8
59;7;"POVO";98;98;12;11;0;2;"BRUNO";"FRANCO";;"N";0
59;7;"POVO";98;98;12;11;0;3;"IANESELLI";"FRANCO";;"N";416
59;7;"POVO";98;98;12;11;0;4;"PANTANO";"GIULIANO";;"N";7
59;7;"POVO";98;98;12;11;0;5;"ZANETTI";"SILVIA";;"N";87
59;7;"POVO";98;98;12;11;0;6;"MERLER";"ANDREA";;"N";195
59;7;"POVO";98;98;12;11;0;7;"CARLI";"MARCELLO";;"N";25
59;7;"POVO";98;98;12;11;0;8;"DEGASPERI";"FILIPPO";;"N";8
60;7;"POVO";98;98;14;7;0;1;"MARTINI";"CARMEN";;"N";10
60;7;"POVO";98;98;14;7;0;2;"BRUNO";"FRANCO";;"N";1
60;7;"POVO";98;98;14;7;0;3;"IANESELLI";"FRANCO";;"N";525
60;7;"POVO";98;98;14;7;0;4;"PANTANO";"GIULIANO";;"N";4
60;7;"POVO";98;98;14;7;0;5;"ZANETTI";"SILVIA";;"N";76
60;7;"POVO";98;98;14;7;0;6;"MERLER";"ANDREA";;"N";231
60;7;"POVO";98;98;14;7;0;7;"CARLI";"MARCELLO";;"N";45
60;7;"POVO";98;98;14;7;0;8;"DEGASPERI";"FILIPPO";;"N";29
61;7;"POVO";98;98;16;17;0;1;"MARTINI";"CARMEN";;"N";11
61;7;"POVO";98;98;16;17;0;2;"BRUNO";"FRANCO";;"N";0
61;7;"POVO";98;98;16;17;0;3;"IANESELLI";"FRANCO";;"N";491
61;7;"POVO";98;98;16;17;0;4;"PANTANO";"GIULIANO";;"N";10
61;7;"POVO";98;98;16;17;0;5;"ZANETTI";"SILVIA";;"N";58
61;7;"POVO";98;98;16;17;0;6;"MERLER";"ANDREA";;"N";166
61;7;"POVO";98;98;16;17;0;7;"CARLI";"MARCELLO";;"N";33
61;7;"POVO";98;98;16;17;0;8;"DEGASPERI";"FILIPPO";;"N";12
62;7;"POVO";98;98;20;10;0;1;"MARTINI";"CARMEN";;"N";7
62;7;"POVO";98;98;20;10;0;2;"BRUNO";"FRANCO";;"N";2
62;7;"POVO";98;98;20;10;0;3;"IANESELLI";"FRANCO";;"N";432
62;7;"POVO";98;98;20;10;0;4;"PANTANO";"GIULIANO";;"N";9
62;7;"POVO";98;98;20;10;0;5;"ZANETTI";"SILVIA";;"N";49
62;7;"POVO";98;98;20;10;0;6;"MERLER";"ANDREA";;"N";146
62;7;"POVO";98;98;20;10;0;7;"CARLI";"MARCELLO";;"N";21
62;7;"POVO";98;98;20;10;0;8;"DEGASPERI";"FILIPPO";;"N";11
63;6;"ARGENTARIO";98;98;16;15;0;1;"MARTINI";"CARMEN";;"N";16
63;6;"ARGENTARIO";98;98;16;15;0;2;"BRUNO";"FRANCO";;"N";4
63;6;"ARGENTARIO";98;98;16;15;0;3;"IANESELLI";"FRANCO";;"N";458
63;6;"ARGENTARIO";98;98;16;15;0;4;"PANTANO";"GIULIANO";;"N";6
63;6;"ARGENTARIO";98;98;16;15;0;5;"ZANETTI";"SILVIA";;"N";27
63;6;"ARGENTARIO";98;98;16;15;0;6;"MERLER";"ANDREA";;"N";208
63;6;"ARGENTARIO";98;98;16;15;0;7;"CARLI";"MARCELLO";;"N";33
63;6;"ARGENTARIO";98;98;16;15;0;8;"DEGASPERI";"FILIPPO";;"N";23
64;6;"ARGENTARIO";98;98;10;8;0;1;"MARTINI";"CARMEN";;"N";14
64;6;"ARGENTARIO";98;98;10;8;0;2;"BRUNO";"FRANCO";;"N";1
64;6;"ARGENTARIO";98;98;10;8;0;3;"IANESELLI";"FRANCO";;"N";351
64;6;"ARGENTARIO";98;98;10;8;0;4;"PANTANO";"GIULIANO";;"N";1
64;6;"ARGENTARIO";98;98;10;8;0;5;"ZANETTI";"SILVIA";;"N";6
64;6;"ARGENTARIO";98;98;10;8;0;6;"MERLER";"ANDREA";;"N";141
64;6;"ARGENTARIO";98;98;10;8;0;7;"CARLI";"MARCELLO";;"N";35
64;6;"ARGENTARIO";98;98;10;8;0;8;"DEGASPERI";"FILIPPO";;"N";7
65;6;"ARGENTARIO";98;98;14;4;0;1;"MARTINI";"CARMEN";;"N";12
65;6;"ARGENTARIO";98;98;14;4;0;2;"BRUNO";"FRANCO";;"N";1
65;6;"ARGENTARIO";98;98;14;4;0;3;"IANESELLI";"FRANCO";;"N";356
65;6;"ARGENTARIO";98;98;14;4;0;4;"PANTANO";"GIULIANO";;"N";4
65;6;"ARGENTARIO";98;98;14;4;0;5;"ZANETTI";"SILVIA";;"N";26
65;6;"ARGENTARIO";98;98;14;4;0;6;"MERLER";"ANDREA";;"N";251
65;6;"ARGENTARIO";98;98;14;4;0;7;"CARLI";"MARCELLO";;"N";32
65;6;"ARGENTARIO";98;98;14;4;0;8;"DEGASPERI";"FILIPPO";;"N";14
66;6;"ARGENTARIO";98;98;16;12;0;1;"MARTINI";"CARMEN";;"N";6
66;6;"ARGENTARIO";98;98;16;12;0;2;"BRUNO";"FRANCO";;"N";4
66;6;"ARGENTARIO";98;98;16;12;0;3;"IANESELLI";"FRANCO";;"N";398
66;6;"ARGENTARIO";98;98;16;12;0;4;"PANTANO";"GIULIANO";;"N";4
66;6;"ARGENTARIO";98;98;16;12;0;5;"ZANETTI";"SILVIA";;"N";20
66;6;"ARGENTARIO";98;98;16;12;0;6;"MERLER";"ANDREA";;"N";264
66;6;"ARGENTARIO";98;98;16;12;0;7;"CARLI";"MARCELLO";;"N";41
66;6;"ARGENTARIO";98;98;16;12;0;8;"DEGASPERI";"FILIPPO";;"N";15
67;6;"ARGENTARIO";98;98;9;7;0;1;"MARTINI";"CARMEN";;"N";10
67;6;"ARGENTARIO";98;98;9;7;0;2;"BRUNO";"FRANCO";;"N";1
67;6;"ARGENTARIO";98;98;9;7;0;3;"IANESELLI";"FRANCO";;"N";349
67;6;"ARGENTARIO";98;98;9;7;0;4;"PANTANO";"GIULIANO";;"N";3
67;6;"ARGENTARIO";98;98;9;7;0;5;"ZANETTI";"SILVIA";;"N";35
67;6;"ARGENTARIO";98;98;9;7;0;6;"MERLER";"ANDREA";;"N";219
67;6;"ARGENTARIO";98;98;9;7;0;7;"CARLI";"MARCELLO";;"N";32
67;6;"ARGENTARIO";98;98;9;7;0;8;"DEGASPERI";"FILIPPO";;"N";17
68;6;"ARGENTARIO";98;98;21;12;0;1;"MARTINI";"CARMEN";;"N";12
68;6;"ARGENTARIO";98;98;21;12;0;2;"BRUNO";"FRANCO";;"N";0
68;6;"ARGENTARIO";98;98;21;12;0;3;"IANESELLI";"FRANCO";;"N";414
68;6;"ARGENTARIO";98;98;21;12;0;4;"PANTANO";"GIULIANO";;"N";4
68;6;"ARGENTARIO";98;98;21;12;0;5;"ZANETTI";"SILVIA";;"N";35
68;6;"ARGENTARIO";98;98;21;12;0;6;"MERLER";"ANDREA";;"N";205
68;6;"ARGENTARIO";98;98;21;12;0;7;"CARLI";"MARCELLO";;"N";37
68;6;"ARGENTARIO";98;98;21;12;0;8;"DEGASPERI";"FILIPPO";;"N";50
69;6;"ARGENTARIO";98;98;11;10;0;1;"MARTINI";"CARMEN";;"N";15
69;6;"ARGENTARIO";98;98;11;10;0;2;"BRUNO";"FRANCO";;"N";1
69;6;"ARGENTARIO";98;98;11;10;0;3;"IANESELLI";"FRANCO";;"N";359
69;6;"ARGENTARIO";98;98;11;10;0;4;"PANTANO";"GIULIANO";;"N";3
69;6;"ARGENTARIO";98;98;11;10;0;5;"ZANETTI";"SILVIA";;"N";19
69;6;"ARGENTARIO";98;98;11;10;0;6;"MERLER";"ANDREA";;"N";220
69;6;"ARGENTARIO";98;98;11;10;0;7;"CARLI";"MARCELLO";;"N";69
69;6;"ARGENTARIO";98;98;11;10;0;8;"DEGASPERI";"FILIPPO";;"N";17
70;6;"ARGENTARIO";98;98;13;10;0;1;"MARTINI";"CARMEN";;"N";11
70;6;"ARGENTARIO";98;98;13;10;0;2;"BRUNO";"FRANCO";;"N";2
70;6;"ARGENTARIO";98;98;13;10;0;3;"IANESELLI";"FRANCO";;"N";399
70;6;"ARGENTARIO";98;98;13;10;0;4;"PANTANO";"GIULIANO";;"N";5
70;6;"ARGENTARIO";98;98;13;10;0;5;"ZANETTI";"SILVIA";;"N";30
70;6;"ARGENTARIO";98;98;13;10;0;6;"MERLER";"ANDREA";;"N";229
70;6;"ARGENTARIO";98;98;13;10;0;7;"CARLI";"MARCELLO";;"N";63
70;6;"ARGENTARIO";98;98;13;10;0;8;"DEGASPERI";"FILIPPO";;"N";14
71;6;"ARGENTARIO";98;98;17;15;0;1;"MARTINI";"CARMEN";;"N";12
71;6;"ARGENTARIO";98;98;17;15;0;2;"BRUNO";"FRANCO";;"N";1
71;6;"ARGENTARIO";98;98;17;15;0;3;"IANESELLI";"FRANCO";;"N";334
71;6;"ARGENTARIO";98;98;17;15;0;4;"PANTANO";"GIULIANO";;"N";6
71;6;"ARGENTARIO";98;98;17;15;0;5;"ZANETTI";"SILVIA";;"N";10
71;6;"ARGENTARIO";98;98;17;15;0;6;"MERLER";"ANDREA";;"N";188
71;6;"ARGENTARIO";98;98;17;15;0;7;"CARLI";"MARCELLO";;"N";59
71;6;"ARGENTARIO";98;98;17;15;0;8;"DEGASPERI";"FILIPPO";;"N";13
72;5;"RAVINA-ROMAGNANO";98;98;9;19;0;1;"MARTINI";"CARMEN";;"N";18
72;5;"RAVINA-ROMAGNANO";98;98;9;19;0;2;"BRUNO";"FRANCO";;"N";1
72;5;"RAVINA-ROMAGNANO";98;98;9;19;0;3;"IANESELLI";"FRANCO";;"N";357
72;5;"RAVINA-ROMAGNANO";98;98;9;19;0;4;"PANTANO";"GIULIANO";;"N";8
72;5;"RAVINA-ROMAGNANO";98;98;9;19;0;5;"ZANETTI";"SILVIA";;"N";21
72;5;"RAVINA-ROMAGNANO";98;98;9;19;0;6;"MERLER";"ANDREA";;"N";161
72;5;"RAVINA-ROMAGNANO";98;98;9;19;0;7;"CARLI";"MARCELLO";;"N";15
72;5;"RAVINA-ROMAGNANO";98;98;9;19;0;8;"DEGASPERI";"FILIPPO";;"N";20
73;5;"RAVINA-ROMAGNANO";98;98;20;25;0;1;"MARTINI";"CARMEN";;"N";19
73;5;"RAVINA-ROMAGNANO";98;98;20;25;0;2;"BRUNO";"FRANCO";;"N";4
73;5;"RAVINA-ROMAGNANO";98;98;20;25;0;3;"IANESELLI";"FRANCO";;"N";367
73;5;"RAVINA-ROMAGNANO";98;98;20;25;0;4;"PANTANO";"GIULIANO";;"N";2
73;5;"RAVINA-ROMAGNANO";98;98;20;25;0;5;"ZANETTI";"SILVIA";;"N";16
73;5;"RAVINA-ROMAGNANO";98;98;20;25;0;6;"MERLER";"ANDREA";;"N";180
73;5;"RAVINA-ROMAGNANO";98;98;20;25;0;7;"CARLI";"MARCELLO";;"N";35
73;5;"RAVINA-ROMAGNANO";98;98;20;25;0;8;"DEGASPERI";"FILIPPO";;"N";12
74;5;"RAVINA-ROMAGNANO";98;98;6;6;0;1;"MARTINI";"CARMEN";;"N";16
74;5;"RAVINA-ROMAGNANO";98;98;6;6;0;2;"BRUNO";"FRANCO";;"N";2
74;5;"RAVINA-ROMAGNANO";98;98;6;6;0;3;"IANESELLI";"FRANCO";;"N";299
74;5;"RAVINA-ROMAGNANO";98;98;6;6;0;4;"PANTANO";"GIULIANO";;"N";8
74;5;"RAVINA-ROMAGNANO";98;98;6;6;0;5;"ZANETTI";"SILVIA";;"N";15
74;5;"RAVINA-ROMAGNANO";98;98;6;6;0;6;"MERLER";"ANDREA";;"N";202
74;5;"RAVINA-ROMAGNANO";98;98;6;6;0;7;"CARLI";"MARCELLO";;"N";30
74;5;"RAVINA-ROMAGNANO";98;98;6;6;0;8;"DEGASPERI";"FILIPPO";;"N";10
75;5;"RAVINA-ROMAGNANO";98;98;8;10;0;1;"MARTINI";"CARMEN";;"N";9
75;5;"RAVINA-ROMAGNANO";98;98;8;10;0;2;"BRUNO";"FRANCO";;"N";0
75;5;"RAVINA-ROMAGNANO";98;98;8;10;0;3;"IANESELLI";"FRANCO";;"N";225
75;5;"RAVINA-ROMAGNANO";98;98;8;10;0;4;"PANTANO";"GIULIANO";;"N";1
75;5;"RAVINA-ROMAGNANO";98;98;8;10;0;5;"ZANETTI";"SILVIA";;"N";14
75;5;"RAVINA-ROMAGNANO";98;98;8;10;0;6;"MERLER";"ANDREA";;"N";135
75;5;"RAVINA-ROMAGNANO";98;98;8;10;0;7;"CARLI";"MARCELLO";;"N";16
75;5;"RAVINA-ROMAGNANO";98;98;8;10;0;8;"DEGASPERI";"FILIPPO";;"N";8
76;4;"SARDAGNA";98;98;9;9;0;1;"MARTINI";"CARMEN";;"N";12
76;4;"SARDAGNA";98;98;9;9;0;2;"BRUNO";"FRANCO";;"N";0
76;4;"SARDAGNA";98;98;9;9;0;3;"IANESELLI";"FRANCO";;"N";446
76;4;"SARDAGNA";98;98;9;9;0;4;"PANTANO";"GIULIANO";;"N";5
76;4;"SARDAGNA";98;98;9;9;0;5;"ZANETTI";"SILVIA";;"N";8
76;4;"SARDAGNA";98;98;9;9;0;6;"MERLER";"ANDREA";;"N";173
76;4;"SARDAGNA";98;98;9;9;0;7;"CARLI";"MARCELLO";;"N";26
76;4;"SARDAGNA";98;98;9;9;0;8;"DEGASPERI";"FILIPPO";;"N";20
77;3;"BONDONE";98;98;15;11;0;1;"MARTINI";"CARMEN";;"N";7
77;3;"BONDONE";98;98;15;11;0;2;"BRUNO";"FRANCO";;"N";1
77;3;"BONDONE";98;98;15;11;0;3;"IANESELLI";"FRANCO";;"N";246
77;3;"BONDONE";98;98;15;11;0;4;"PANTANO";"GIULIANO";;"N";11
77;3;"BONDONE";98;98;15;11;0;5;"ZANETTI";"SILVIA";;"N";13
77;3;"BONDONE";98;98;15;11;0;6;"MERLER";"ANDREA";;"N";179
77;3;"BONDONE";98;98;15;11;0;7;"CARLI";"MARCELLO";;"N";35
77;3;"BONDONE";98;98;15;11;0;8;"DEGASPERI";"FILIPPO";;"N";10
78;3;"BONDONE";98;98;16;16;0;1;"MARTINI";"CARMEN";;"N";19
78;3;"BONDONE";98;98;16;16;0;2;"BRUNO";"FRANCO";;"N";3
78;3;"BONDONE";98;98;16;16;0;3;"IANESELLI";"FRANCO";;"N";361
78;3;"BONDONE";98;98;16;16;0;4;"PANTANO";"GIULIANO";;"N";4
78;3;"BONDONE";98;98;16;16;0;5;"ZANETTI";"SILVIA";;"N";17
78;3;"BONDONE";98;98;16;16;0;6;"MERLER";"ANDREA";;"N";244
78;3;"BONDONE";98;98;16;16;0;7;"CARLI";"MARCELLO";;"N";28
78;3;"BONDONE";98;98;16;16;0;8;"DEGASPERI";"FILIPPO";;"N";13
79;3;"BONDONE";98;98;10;6;0;1;"MARTINI";"CARMEN";;"N";20
79;3;"BONDONE";98;98;10;6;0;2;"BRUNO";"FRANCO";;"N";1
79;3;"BONDONE";98;98;10;6;0;3;"IANESELLI";"FRANCO";;"N";301
79;3;"BONDONE";98;98;10;6;0;4;"PANTANO";"GIULIANO";;"N";5
79;3;"BONDONE";98;98;10;6;0;5;"ZANETTI";"SILVIA";;"N";12
79;3;"BONDONE";98;98;10;6;0;6;"MERLER";"ANDREA";;"N";125
79;3;"BONDONE";98;98;10;6;0;7;"CARLI";"MARCELLO";;"N";21
79;3;"BONDONE";98;98;10;6;0;8;"DEGASPERI";"FILIPPO";;"N";17
80;3;"BONDONE";98;98;18;10;0;1;"MARTINI";"CARMEN";;"N";24
80;3;"BONDONE";98;98;18;10;0;2;"BRUNO";"FRANCO";;"N";2
80;3;"BONDONE";98;98;18;10;0;3;"IANESELLI";"FRANCO";;"N";308
80;3;"BONDONE";98;98;18;10;0;4;"PANTANO";"GIULIANO";;"N";3
80;3;"BONDONE";98;98;18;10;0;5;"ZANETTI";"SILVIA";;"N";31
80;3;"BONDONE";98;98;18;10;0;6;"MERLER";"ANDREA";;"N";137
80;3;"BONDONE";98;98;18;10;0;7;"CARLI";"MARCELLO";;"N";37
80;3;"BONDONE";98;98;18;10;0;8;"DEGASPERI";"FILIPPO";;"N";13
81;2;"MEANO";98;98;10;13;0;1;"MARTINI";"CARMEN";;"N";14
81;2;"MEANO";98;98;10;13;0;2;"BRUNO";"FRANCO";;"N";2
81;2;"MEANO";98;98;10;13;0;3;"IANESELLI";"FRANCO";;"N";244
81;2;"MEANO";98;98;10;13;0;4;"PANTANO";"GIULIANO";;"N";1
81;2;"MEANO";98;98;10;13;0;5;"ZANETTI";"SILVIA";;"N";11
81;2;"MEANO";98;98;10;13;0;6;"MERLER";"ANDREA";;"N";205
81;2;"MEANO";98;98;10;13;0;7;"CARLI";"MARCELLO";;"N";32
81;2;"MEANO";98;98;10;13;0;8;"DEGASPERI";"FILIPPO";;"N";7
82;2;"MEANO";98;98;18;22;0;1;"MARTINI";"CARMEN";;"N";22
82;2;"MEANO";98;98;18;22;0;2;"BRUNO";"FRANCO";;"N";4
82;2;"MEANO";98;98;18;22;0;3;"IANESELLI";"FRANCO";;"N";343
82;2;"MEANO";98;98;18;22;0;4;"PANTANO";"GIULIANO";;"N";5
82;2;"MEANO";98;98;18;22;0;5;"ZANETTI";"SILVIA";;"N";16
82;2;"MEANO";98;98;18;22;0;6;"MERLER";"ANDREA";;"N";282
82;2;"MEANO";98;98;18;22;0;7;"CARLI";"MARCELLO";;"N";35
82;2;"MEANO";98;98;18;22;0;8;"DEGASPERI";"FILIPPO";;"N";17
83;2;"MEANO";98;98;18;9;0;1;"MARTINI";"CARMEN";;"N";25
83;2;"MEANO";98;98;18;9;0;2;"BRUNO";"FRANCO";;"N";1
83;2;"MEANO";98;98;18;9;0;3;"IANESELLI";"FRANCO";;"N";375
83;2;"MEANO";98;98;18;9;0;4;"PANTANO";"GIULIANO";;"N";5
83;2;"MEANO";98;98;18;9;0;5;"ZANETTI";"SILVIA";;"N";24
83;2;"MEANO";98;98;18;9;0;6;"MERLER";"ANDREA";;"N";310
83;2;"MEANO";98;98;18;9;0;7;"CARLI";"MARCELLO";;"N";23
83;2;"MEANO";98;98;18;9;0;8;"DEGASPERI";"FILIPPO";;"N";8
84;1;"GARDOLO";98;98;9;16;0;1;"MARTINI";"CARMEN";;"N";29
84;1;"GARDOLO";98;98;9;16;0;2;"BRUNO";"FRANCO";;"N";2
84;1;"GARDOLO";98;98;9;16;0;3;"IANESELLI";"FRANCO";;"N";253
84;1;"GARDOLO";98;98;9;16;0;4;"PANTANO";"GIULIANO";;"N";5
84;1;"GARDOLO";98;98;9;16;0;5;"ZANETTI";"SILVIA";;"N";14
84;1;"GARDOLO";98;98;9;16;0;6;"MERLER";"ANDREA";;"N";230
84;1;"GARDOLO";98;98;9;16;0;7;"CARLI";"MARCELLO";;"N";14
84;1;"GARDOLO";98;98;9;16;0;8;"DEGASPERI";"FILIPPO";;"N";13
85;1;"GARDOLO";98;98;13;16;0;1;"MARTINI";"CARMEN";;"N";21
85;1;"GARDOLO";98;98;13;16;0;2;"BRUNO";"FRANCO";;"N";0
85;1;"GARDOLO";98;98;13;16;0;3;"IANESELLI";"FRANCO";;"N";240
85;1;"GARDOLO";98;98;13;16;0;4;"PANTANO";"GIULIANO";;"N";3
85;1;"GARDOLO";98;98;13;16;0;5;"ZANETTI";"SILVIA";;"N";25
85;1;"GARDOLO";98;98;13;16;0;6;"MERLER";"ANDREA";;"N";217
85;1;"GARDOLO";98;98;13;16;0;7;"CARLI";"MARCELLO";;"N";15
85;1;"GARDOLO";98;98;13;16;0;8;"DEGASPERI";"FILIPPO";;"N";10
86;1;"GARDOLO";98;98;16;7;0;1;"MARTINI";"CARMEN";;"N";18
86;1;"GARDOLO";98;98;16;7;0;2;"BRUNO";"FRANCO";;"N";2
86;1;"GARDOLO";98;98;16;7;0;3;"IANESELLI";"FRANCO";;"N";265
86;1;"GARDOLO";98;98;16;7;0;4;"PANTANO";"GIULIANO";;"N";8
86;1;"GARDOLO";98;98;16;7;0;5;"ZANETTI";"SILVIA";;"N";39
86;1;"GARDOLO";98;98;16;7;0;6;"MERLER";"ANDREA";;"N";204
86;1;"GARDOLO";98;98;16;7;0;7;"CARLI";"MARCELLO";;"N";18
86;1;"GARDOLO";98;98;16;7;0;8;"DEGASPERI";"FILIPPO";;"N";7
87;1;"GARDOLO";98;98;10;16;0;1;"MARTINI";"CARMEN";;"N";20
87;1;"GARDOLO";98;98;10;16;0;2;"BRUNO";"FRANCO";;"N";4
87;1;"GARDOLO";98;98;10;16;0;3;"IANESELLI";"FRANCO";;"N";330
87;1;"GARDOLO";98;98;10;16;0;4;"PANTANO";"GIULIANO";;"N";6
87;1;"GARDOLO";98;98;10;16;0;5;"ZANETTI";"SILVIA";;"N";25
87;1;"GARDOLO";98;98;10;16;0;6;"MERLER";"ANDREA";;"N";220
87;1;"GARDOLO";98;98;10;16;0;7;"CARLI";"MARCELLO";;"N";32
87;1;"GARDOLO";98;98;10;16;0;8;"DEGASPERI";"FILIPPO";;"N";23
88;1;"GARDOLO";98;98;12;20;0;1;"MARTINI";"CARMEN";;"N";23
88;1;"GARDOLO";98;98;12;20;0;2;"BRUNO";"FRANCO";;"N";1
88;1;"GARDOLO";98;98;12;20;0;3;"IANESELLI";"FRANCO";;"N";321
88;1;"GARDOLO";98;98;12;20;0;4;"PANTANO";"GIULIANO";;"N";6
88;1;"GARDOLO";98;98;12;20;0;5;"ZANETTI";"SILVIA";;"N";19
88;1;"GARDOLO";98;98;12;20;0;6;"MERLER";"ANDREA";;"N";261
88;1;"GARDOLO";98;98;12;20;0;7;"CARLI";"MARCELLO";;"N";33
88;1;"GARDOLO";98;98;12;20;0;8;"DEGASPERI";"FILIPPO";;"N";14
89;1;"GARDOLO";98;98;12;28;0;1;"MARTINI";"CARMEN";;"N";20
89;1;"GARDOLO";98;98;12;28;0;2;"BRUNO";"FRANCO";;"N";1
89;1;"GARDOLO";98;98;12;28;0;3;"IANESELLI";"FRANCO";;"N";187
89;1;"GARDOLO";98;98;12;28;0;4;"PANTANO";"GIULIANO";;"N";6
89;1;"GARDOLO";98;98;12;28;0;5;"ZANETTI";"SILVIA";;"N";12
89;1;"GARDOLO";98;98;12;28;0;6;"MERLER";"ANDREA";;"N";204
89;1;"GARDOLO";98;98;12;28;0;7;"CARLI";"MARCELLO";;"N";27
89;1;"GARDOLO";98;98;12;28;0;8;"DEGASPERI";"FILIPPO";;"N";2
90;1;"GARDOLO";98;98;11;14;0;1;"MARTINI";"CARMEN";;"N";32
90;1;"GARDOLO";98;98;11;14;0;2;"BRUNO";"FRANCO";;"N";0
90;1;"GARDOLO";98;98;11;14;0;3;"IANESELLI";"FRANCO";;"N";241
90;1;"GARDOLO";98;98;11;14;0;4;"PANTANO";"GIULIANO";;"N";2
90;1;"GARDOLO";98;98;11;14;0;5;"ZANETTI";"SILVIA";;"N";38
90;1;"GARDOLO";98;98;11;14;0;6;"MERLER";"ANDREA";;"N";215
90;1;"GARDOLO";98;98;11;14;0;7;"CARLI";"MARCELLO";;"N";33
90;1;"GARDOLO";98;98;11;14;0;8;"DEGASPERI";"FILIPPO";;"N";8
91;1;"GARDOLO";98;98;14;8;0;1;"MARTINI";"CARMEN";;"N";13
91;1;"GARDOLO";98;98;14;8;0;2;"BRUNO";"FRANCO";;"N";1
91;1;"GARDOLO";98;98;14;8;0;3;"IANESELLI";"FRANCO";;"N";321
91;1;"GARDOLO";98;98;14;8;0;4;"PANTANO";"GIULIANO";;"N";6
91;1;"GARDOLO";98;98;14;8;0;5;"ZANETTI";"SILVIA";;"N";17
91;1;"GARDOLO";98;98;14;8;0;6;"MERLER";"ANDREA";;"N";243
91;1;"GARDOLO";98;98;14;8;0;7;"CARLI";"MARCELLO";;"N";20
91;1;"GARDOLO";98;98;14;8;0;8;"DEGASPERI";"FILIPPO";;"N";14
92;1;"GARDOLO";98;98;7;17;0;1;"MARTINI";"CARMEN";;"N";21
92;1;"GARDOLO";98;98;7;17;0;2;"BRUNO";"FRANCO";;"N";1
92;1;"GARDOLO";98;98;7;17;0;3;"IANESELLI";"FRANCO";;"N";356
92;1;"GARDOLO";98;98;7;17;0;4;"PANTANO";"GIULIANO";;"N";11
92;1;"GARDOLO";98;98;7;17;0;5;"ZANETTI";"SILVIA";;"N";14
92;1;"GARDOLO";98;98;7;17;0;6;"MERLER";"ANDREA";;"N";243
92;1;"GARDOLO";98;98;7;17;0;7;"CARLI";"MARCELLO";;"N";27
92;1;"GARDOLO";98;98;7;17;0;8;"DEGASPERI";"FILIPPO";;"N";22
93;1;"GARDOLO";98;98;24;14;0;1;"MARTINI";"CARMEN";;"N";22
93;1;"GARDOLO";98;98;24;14;0;2;"BRUNO";"FRANCO";;"N";3
93;1;"GARDOLO";98;98;24;14;0;3;"IANESELLI";"FRANCO";;"N";266
93;1;"GARDOLO";98;98;24;14;0;4;"PANTANO";"GIULIANO";;"N";6
93;1;"GARDOLO";98;98;24;14;0;5;"ZANETTI";"SILVIA";;"N";22
93;1;"GARDOLO";98;98;24;14;0;6;"MERLER";"ANDREA";;"N";352
93;1;"GARDOLO";98;98;24;14;0;7;"CARLI";"MARCELLO";;"N";26
93;1;"GARDOLO";98;98;24;14;0;8;"DEGASPERI";"FILIPPO";;"N";24
94;12;"C.STORICO/PIEDICASTELLO";98;98;10;6;0;1;"MARTINI";"CARMEN";;"N";11
94;12;"C.STORICO/PIEDICASTELLO";98;98;10;6;0;2;"BRUNO";"FRANCO";;"N";2
94;12;"C.STORICO/PIEDICASTELLO";98;98;10;6;0;3;"IANESELLI";"FRANCO";;"N";230
94;12;"C.STORICO/PIEDICASTELLO";98;98;10;6;0;4;"PANTANO";"GIULIANO";;"N";1
94;12;"C.STORICO/PIEDICASTELLO";98;98;10;6;0;5;"ZANETTI";"SILVIA";;"N";6
94;12;"C.STORICO/PIEDICASTELLO";98;98;10;6;0;6;"MERLER";"ANDREA";;"N";124
94;12;"C.STORICO/PIEDICASTELLO";98;98;10;6;0;7;"CARLI";"MARCELLO";;"N";19
94;12;"C.STORICO/PIEDICASTELLO";98;98;10;6;0;8;"DEGASPERI";"FILIPPO";;"N";5
95;5;"RAVINA-ROMAGNANO";98;98;8;5;0;1;"MARTINI";"CARMEN";;"N";14
95;5;"RAVINA-ROMAGNANO";98;98;8;5;0;2;"BRUNO";"FRANCO";;"N";0
95;5;"RAVINA-ROMAGNANO";98;98;8;5;0;3;"IANESELLI";"FRANCO";;"N";225
95;5;"RAVINA-ROMAGNANO";98;98;8;5;0;4;"PANTANO";"GIULIANO";;"N";1
95;5;"RAVINA-ROMAGNANO";98;98;8;5;0;5;"ZANETTI";"SILVIA";;"N";8
95;5;"RAVINA-ROMAGNANO";98;98;8;5;0;6;"MERLER";"ANDREA";;"N";170
95;5;"RAVINA-ROMAGNANO";98;98;8;5;0;7;"CARLI";"MARCELLO";;"N";23
95;5;"RAVINA-ROMAGNANO";98;98;8;5;0;8;"DEGASPERI";"FILIPPO";;"N";6
96;2;"MEANO";98;98;12;16;0;1;"MARTINI";"CARMEN";;"N";17
96;2;"MEANO";98;98;12;16;0;2;"BRUNO";"FRANCO";;"N";3
96;2;"MEANO";98;98;12;16;0;3;"IANESELLI";"FRANCO";;"N";313
96;2;"MEANO";98;98;12;16;0;4;"PANTANO";"GIULIANO";;"N";6
96;2;"MEANO";98;98;12;16;0;5;"ZANETTI";"SILVIA";;"N";19
96;2;"MEANO";98;98;12;16;0;6;"MERLER";"ANDREA";;"N";246
96;2;"MEANO";98;98;12;16;0;7;"CARLI";"MARCELLO";;"N";23
96;2;"MEANO";98;98;12;16;0;8;"DEGASPERI";"FILIPPO";;"N";11
97;6;"ARGENTARIO";98;98;17;15;0;1;"MARTINI";"CARMEN";;"N";9
97;6;"ARGENTARIO";98;98;17;15;0;2;"BRUNO";"FRANCO";;"N";3
97;6;"ARGENTARIO";98;98;17;15;0;3;"IANESELLI";"FRANCO";;"N";342
97;6;"ARGENTARIO";98;98;17;15;0;4;"PANTANO";"GIULIANO";;"N";3
97;6;"ARGENTARIO";98;98;17;15;0;5;"ZANETTI";"SILVIA";;"N";34
97;6;"ARGENTARIO";98;98;17;15;0;6;"MERLER";"ANDREA";;"N";250
97;6;"ARGENTARIO";98;98;17;15;0;7;"CARLI";"MARCELLO";;"N";45
97;6;"ARGENTARIO";98;98;17;15;0;8;"DEGASPERI";"FILIPPO";;"N";22
98;3;"BONDONE";98;98;16;17;0;1;"MARTINI";"CARMEN";;"N";24
98;3;"BONDONE";98;98;16;17;0;2;"BRUNO";"FRANCO";;"N";0
98;3;"BONDONE";98;98;16;17;0;3;"IANESELLI";"FRANCO";;"N";370
98;3;"BONDONE";98;98;16;17;0;4;"PANTANO";"GIULIANO";;"N";11
98;3;"BONDONE";98;98;16;17;0;5;"ZANETTI";"SILVIA";;"N";27
98;3;"BONDONE";98;98;16;17;0;6;"MERLER";"ANDREA";;"N";237
98;3;"BONDONE";98;98;16;17;0;7;"CARLI";"MARCELLO";;"N";49
98;3;"BONDONE";98;98;16;17;0;8;"DEGASPERI";"FILIPPO";;"N";14
