CODICE,TIPO,DESCRIZIONE,P/D  DAL Nr.  DALLA barra  AL nr.,ALLA barra  SEZIONE,CIRC
5.630,Via,òRA DEL GARDA,D199,88,1
3.355,Piazza,"""TRIDENTE""",D127,13,12
3.355,Piazza,"""TRIDENTE""",P226,13,12
2.520,Via,A PRATO,D119,19,11
2.520,Via,A PRATO,P222,319,11
2.520,Via,A PRATO,P2452,20,11
10,Via,ABBA,D713,17,11
10,Via,ABBA,P214,17,11
20,Via,ABONDI,D149,8,12
20,Via,ABONDI,P22,8,12
30,Via,ACONCIO,D125,6,12
30,Via,ACONCIO,P22,6,12
7.875,localita',ACQUAVIVA,D315,56,8
7.875,localita',ACQUAVIVA,P610,56,8
40,Via,ADAMELLO,D117,36,10
40,Via,ADAMELLO,P248,36,10
50,Piazza,ADAMO D'AROGNO,D113,4,12
50,Piazza,ADAMO D'AROGNO,P212,4,12
60,Vicolo,ADIGE,D131,3,12
60,Vicolo,ADIGE,P218,3,12
70,Galleria,ADRIA,D35,4,12
70,Galleria,ADRIA,P44,4,12
5.010,Via,AEROPORTO,D1121,91,1
5.010,Via,AEROPORTO,P274,91,1
80,Piazzetta,AGOSTINIANI,D15,5,12
80,Piazzetta,AGOSTINIANI,P44,5,12
5.730,Via,AICHNER,D147,89,1
5.730,Via,AICHNER,P24,89,1
6.105,Via,ALBERA,D169,71,6
6.105,Via,ALBERA,P852,71,6
3.801,Via,ALBERIONE,D131,30,11
3.801,Via,ALBERIONE,P210,30,11
6.464,Via,ALBERTI POJA,D143,64,6
90,Via,ALFIERI,D913,3,12
90,Via,ALFIERI,P66,3,12
100,Corso,ALPINI,D135,10,12
100,Corso,ALPINI,P228,10,12
6.490,Via,ALTENBURGER,D19,70,6
6.490,Via,ALTENBURGER,P22,70,6
110,Via,ALTIPIANI,D13,35,10
110,Via,ALTIPIANI,P210,35,10
5.102,Via,ALTO ADIGE,D393,90,1
5.102,Via,ALTO ADIGE,P10230,90,1
5.102,Via,ALTO ADIGE,P232232,81,2
5.102,Via,ALTO ADIGE,P234250,90,1
8.600,Via,ALTO SASSO,D345,76,4
8.600,Via,ALTO SASSO,P238,76,4
120,Via,AMBROSI,D17,5,12
120,Via,AMBROSI,P220,5,12
7.264,Via,ANCóNA,D55,50,9
7.264,Via,ANCóNA,P616,50,9
5.020,Via,ANDREATTA,D133,92,1
5.020,Via,ANDREATTA,P226,92,1
CODICE,TIPO,DESCRIZIONE,P/D  DAL Nr.  DALLA barra  AL nr.,ALLA barra  SEZIONE,CIRC
8.111,Via,ANDRóNA,D17,79,3
8.111,Via,ANDRóNA,P410,79,3
130,Piazzetta,ANFITEATRO,D719,3,12
130,Piazzetta,ANFITEATRO,P618,3,12
6.001,Via,ANSELMI,D117,67,6
6.001,Via,ANSELMI,P24,67,6
140,Via,ANTONIO DA TRENTO,D125,9,12
140,Via,ANTONIO DA TRENTO,P224,9,12
150,Via,ANZOLETTI,D15,32,10
150,Via,ANZOLETTI,P232,32,10
160,Via,AOSTA,D117,33,10
160,Via,AOSTA,P430,33,10
8.601,Salita,APIARIO,D15,76,4
8.601,Salita,APIARIO,P28,76,4
170,Via,APOLLONIO,D127,33,10
5.615,Via,APRILE (1945),P44,87,1
1.770,Lungadige,APULEIO,P262,94,12
8.000,Via,ARE,D157,98,3
8.000,Via,ARE,P48,98,3
8.211,Strada,ARIòL,D1121,80,3
8.211,Strada,ARIòL,P48,80,3
7.010,Via,ASIAGO,D117,652,9
7.010,Via,ASIAGO,P212,52,9
7.010,Via,ASIAGO,P1414,45,10
5.030,Via,ASILO,D361,92,1
5.030,Via,ASILO,P232,92,1
190,Via,ASILO PEDROTTI (PIETRO),D115,25,11
190,Via,ASILO PEDROTTI (PIETRO),P220,25,11
8.472,Piazza,ASSUNTA,D127,82,2
8.472,Piazza,ASSUNTA,P228,82,2
200,Via,AVANCINI,D17,20,11
200,Via,AVANCINI,P226,20,11
5.038,Via,AVISIO,D915,84,1
5.038,Via,AVISIO,P220,84,1
6.050,Via,BòLLERI,D171,68,6
6.050,Via,BòLLERI,P252,68,6
6.466,Via,BòLNER,P48,66,6
8.112,Strada,BACANDI,P822,79,3
7.020,Via,BANALA,D115,50,9
7.020,Via,BANALA,P222,50,9
210,Via,BARBACOVI,D19,23,11
210,Via,BARBACOVI,P242,23,11
220,Via,BARTOLAMEO DA TRENTO,P214,4,12
5.040,Via,BASSA,D321,89,1
5.040,Via,BASSA,P242,89,1
5.040,Via,BASSA,P4444,16,12
6.003,Via,BASSANO,D315,68,6
6.003,Via,BASSANO,P44,13,12
6.003,Via,BASSANO,P88,68,6
6.003,Via,BASSANO,P1014,13,12
6.003,Via,BASSANO,P2830,66,6
3.835,Via,BASSETTI,D111,52,9
3.835,Via,BASSETTI,P28,46,10
CODICE,TIPO,DESCRIZIONE,P/D  DAL Nr.  DALLA barra  AL nr.,ALLA barra  SEZIONE,CIRC
230,Piazza,BATTISTI,D131,3,12
230,Piazza,BATTISTI,P428,3,12
6.413,Via,BAUER,D321,65,6
6.413,Via,BAUER,P416,65,6
5.776,Via,BECCARIA,D313,93,1
5.776,Via,BECCARIA,P2224,93,1
6.462,Via,BEDóL,D15,68,6
6.462,Via,BEDóL,P66,68,6
240,Via,BELENZANI,D153,2,12
240,Via,BELENZANI,P278,2,12
8.001,Via,BELINA,D123,98,3
8.001,Via,BELINA,P680,98,3
8.419,Via,BELLARIA,D119,96,2
8.419,Via,BELLARIA,P244,96,2
8.419,Via,BELLARIA,P4646,82,2
6.020,Via,BELLAVISTA,D143,69,6
6.020,Via,BELLAVISTA,P246,69,6
260,Vicolo,BELLESINI,D111,2,12
260,Vicolo,BELLESINI,P26,2,12
8.720,Via,BELVEDERE,D1121,72,5
8.720,Via,BELVEDERE,P282,72,5
270,Vicolo,BENASSUTI,D115,6,12
270,Vicolo,BENASSUTI,P28,6,12
5.735,Via,BENEDETTI,D19,86,1
5.735,Via,BENEDETTI,P420,86,1
280,Via,BENEVOLI,D111,31,11
280,Via,BENEVOLI,P222,31,11
6.483,Via,BERGAMINI,D315,66,6
6.483,Via,BERGAMINI,P410,66,6
8.730,Via,BERLINA,D133,73,5
8.730,Via,BERLINA,P236,73,5
281,Via,BERLINO,D1111,16,12
281,Via,BERLINO,P1010,16,12
8.311,Via,BERSALIO,D17,98,3
8.311,Via,BERSALIO,P22,98,3
6.465,Via,BERTOLDI,D33,64,6
6.465,Via,BERTOLDI,P46,64,6
3.509,Via,BETTINE,D59,84,1
3.509,Via,BETTINE,D2135,8,12
3.509,Via,BETTINE,P228,84,1
3.509,Via,BETTINE,P4074,8,12
290,Via,BETTINI,D113,45,10
290,Via,BETTINI,P624,45,10
300,Via,BEZZECCA,D115,23,11
300,Via,BEZZECCA,P224,23,11
310,Via,BEZZI,D17,25,11
310,Via,BEZZI,P210,25,11
6.040,Via,BIANCOSPINO,D121,70,6
6.040,Via,BIANCOSPINO,P226,70,6
7.030,Strada,BINDESI,D117,51,9
7.030,Strada,BINDESI,P414,51,9
320,Vicolo,BIRRI,D311,6,12
320,Vicolo,BIRRI,P22,6,12
CODICE,TIPO,DESCRIZIONE,P/D  DAL Nr.  DALLA barra  AL nr.,ALLA barra  SEZIONE,CIRC
330,Via,BóLGHERA,D367,35,10
330,Via,BóLGHERA,P254,35,10
340,Viale,BOLOGNINI,P298,36,10
5.070,Via,BOLZANO,D165,90,1
5.070,Via,BOLZANO,P250,90,1
7.262,Via,BOMPòRT,D129,50,9
7.262,Via,BOMPòRT,P224,50,9
350,Via,BOMPORTO,D127,18,11
350,Via,BOMPORTO,P226,18,11
5.740,Via,BONAZZA,D123,92,1
5.740,Via,BONAZZA,P410,92,1
360,Via,BONELLI,D113,20,11
360,Via,BONELLI,P28,20,11
370,I Androna,BORGONUOVO,D115,1,12
370,I Androna,BORGONUOVO,P224,1,12
380,II Androna,BORGONUOVO,D119,1,12
380,II Androna,BORGONUOVO,P226,1,12
7.335,Via,BORINO,D175,60,7
7.335,Via,BORINO,P268,60,7
3.903,Via,BORSELLINO,D15,40,10
390,Via,BORSIERI,D17,18,11
390,Via,BORSIERI,P24,18,11
8.488,Via,BORTOLOTTI,D333,83,2
8.488,Via,BORTOLOTTI,P216,83,2
8.490,Vicolo,BORTOLOTTI,D133,83,2
8.490,Vicolo,BORTOLOTTI,P210,83,2
3.833,Via,BOSCO DELLA CITTà,D33,44,10
3.833,Via,BOSCO DELLA CITTà,P210,44,10
8.499,Via,BRòLIO,D55,81,2
8.499,Via,BRòLIO,P414,81,2
8.113,Via,BRAIDóN,D131,80,3
8.113,Via,BRAIDóN,P810,80,3
395,Lungadige,BRAILLE,D13,8,12
395,Lungadige,BRAILLE,P630,8,12
5.710,Via,BRATISLAVA,D1123,93,1
5.710,Via,BRATISLAVA,P1628,93,1
400,Via,BRENNERO,D3573,6,12
400,Via,BRENNERO,D79139,14,12
400,Via,BRENNERO,D157159,14,12
400,Via,BRENNERO,D165185,14,12
400,Via,BRENNERO,P14132,6,12
400,Via,BRENNERO,P138138,A13,12
400,Via,BRENNERO,P150154,14,12
400,Via,BRENNERO,P166166,14,12
400,Via,BRENNERO,P180340,14,12
410,Via,BRENTARI,D15,133,10
410,Via,BRENTARI,P26,33,10
7.375,Via,BRENZ,D121,60,7
7.375,Via,BRENZ,P2A34,60,7
420,Via,BRESADOLA,D17,7,12
420,Via,BRESADOLA,P210,7,12
430,Via,BRESCIA,D345,216,12
430,Via,BRESCIA,D4747,76,4
CODICE,TIPO,DESCRIZIONE,P/D  DAL Nr.  DALLA barra  AL nr.,ALLA barra  SEZIONE,CIRC
430,Via,BRESCIA,D49139,16,12
430,Via,BRESCIA,P276,116,12
440,Via,BRIAMASCO,D11,18,11
440,Via,BRIAMASCO,P248,18,11
450,Via,BRIGATA ACQUI,D123,20,11
450,Via,BRIGATA ACQUI,P222,20,11
8.002,Strada,BRIGOLINA,P614,78,3
460,Via,BRONZETTI,D131,24,11
460,Via,BRONZETTI,P222,224,11
3.820,Via,BRUGNARA,D1113,12,12
3.820,Via,BRUGNARA,P212,12,12
3.900,Via,BRUNNER,D19,14,12
8.210,localita',BRUSADI,D11,80,3
470,Via,BUCCELLA,D113,28,11
470,Via,BUCCELLA,P232,28,11
8.603,Via,BUCELLENI,D129,76,4
8.603,Via,BUCELLENI,P218,76,4
5.700,Via,BUDAPEST,D15,93,1
5.700,Via,BUDAPEST,P438,93,1
8.003,Via,BUNAGA,D313,98,3
8.003,Via,BUNAGA,P24,98,3
480,Corso,BUONARROTI,D1109,9,12
480,Corso,BUONARROTI,P480,9,12
490,Via,BUSA,D19,23,11
490,Via,BUSA,P236,23,11
500,Via,BUSETTI,D11,8,12
500,Via,BUSETTI,P24,8,12
8.608,Via,CéSA VèCIA,D111,76,4
8.608,Via,CéSA VèCIA,P440,76,4
7.775,Via,CéSE LONGHE,D131,54,8
7.775,Via,CéSE LONGHE,P226,54,8
8.611,Strada,CòRNO - VANéZE,D133,76,4
8.611,Strada,CòRNO - VANéZE,P256,76,4
8.504,Via,CìGOI,D19,81,2
8.504,Via,CìGOI,P410,81,2
8.604,Via,CA,D113,76,4
8.604,Via,CA,P226,76,4
8.501,Strada,CA COMUNA,D319,81,2
8.501,Strada,CA COMUNA,P216,81,2
3.846,Via,CA DEI GAI,D141,16,12
3.846,Via,CA DEI GAI,P24,16,12
8.418,Via,CA ROSSA,D15,90,1
8.418,Via,CA ROSSA,D921,96,2
8.418,Via,CA ROSSA,P44,90,1
8.418,Via,CA ROSSA,P852,96,2
8.116,Strada,CADINE,D133,79,3
8.116,Strada,CADINE,P416,79,3
8.650,Strada,CADRIAI,D199,76,4
8.650,Strada,CADRIAI,P24,78,3
8.650,Strada,CADRIAI,P858,76,4
8.650,Strada,CADRIAI,P6064,78,3
8.650,Strada,CADRIAI,P68100,76,4
8.650,Strada,CADRIAI,P102104,78,3
CODICE,TIPO,DESCRIZIONE,P/D  DAL Nr.  DALLA barra  AL nr.,ALLA barra  SEZIONE,CIRC
8.650,Strada,CADRIAI,P110110,76,4
8.605,Via,CADUTI DI SARDAGNA,P48,76,4
510,Via,CAGLIARI,D11,35,10
510,Via,CAGLIARI,P22,35,10
8.484,Salita,CAóLA,P28,83,2
530,Via,CALEPINA,D181,1,12
530,Via,CALEPINA,P252,1,12
8.925,Via,CALMI,D117,75,5
8.925,Via,CALMI,P414,75,5
8.118,Via,CAMàN,P26,79,3
8.117,Via,CAMALGHE,D39,79,3
8.475,Via,CAMANTOLIN,D381,82,2
8.475,Via,CAMANTOLIN,P284,82,2
6.060,Via,CAMILASTRI,D17,66,6
6.060,Via,CAMILASTRI,P224,66,6
6.487,Via,CAMèRLI,D55,63,6
6.487,Via,CAMèRLI,P28,63,6
6.414,Via,CAMPéL,D199,65,6
6.414,Via,CAMPéL,P248,65,6
6.070,Via,CAMPANELLE,D537,97,6
6.070,Via,CAMPANELLE,P252,97,6
8.478,Via,CAMPARTA BASSA,D711,81,2
8.478,Via,CAMPARTA BASSA,P628,81,2
8.411,Via,CAMPARTA MEDIA,D371,81,2
8.411,Via,CAMPARTA MEDIA,P626,81,2
8.512,Strada,CAMPAZ,D111,81,2
8.512,Strada,CAMPAZ,P66,81,2
8.495,Via,CAMPI,D117,83,2
8.495,Via,CAMPI,P1022,83,2
8.005,Strada,CAMPONZIN,D35,98,3
3.590,Via,CAMPOTRENTINO,D129,8,12
3.590,Via,CAMPOTRENTINO,P8124,8,12
8.514,Via,CANòPE,D111,83,2
8.514,Via,CANòPE,P262,83,2
5.080,Via,CANEPPELE,D159,88,1
5.080,Via,CANEPPELE,P466,88,1
560,Via,CANESTRINI,D125,3,12
560,Via,CANESTRINI,P24,3,12
8.480,Via,CANON,D39,82,2
8.480,Via,CANON,P426,82,2
8.205,Via,CANONICA,D325,80,3
5.090,Via,CANOVA,D177,85,1
5.090,Via,CANOVA,P266,85,1
6.401,Via,CANTàNGHEL,P22,97,6
8.507,Salita,CANTONI,D37,81,2
8.507,Salita,CANTONI,P430,81,2
570,Piazza,CANTORE,D133,7,12
570,Piazza,CANTORE,P234,7,12
8.119,Via,CAPITELLO,D157,79,3
8.119,Via,CAPITELLO,P6136,79,3
6.080,Via,CAPITèL,D327,69,6
6.080,Via,CAPITèL,P482,69,6
580,Vicolo,CAPITOLO,D15,6,12
CODICE,TIPO,DESCRIZIONE,P/D  DAL Nr.  DALLA barra  AL nr.,ALLA barra  SEZIONE,CIRC
580,Vicolo,CAPITOLO,P22,6,12
590,Piazza,CAPPUCCINI,D13,21,11
590,Piazza,CAPPUCCINI,P22,21,11
600,Via,CAPPUCCINI,D175,22,11
600,Via,CAPPUCCINI,P214,22,11
5.420,Via,CAPRONI,D131,93,1
5.420,Via,CAPRONI,P236,93,1
610,Largo,CARDUCCI,D157,3,12
610,Largo,CARDUCCI,P248,3,12
620,Via,CARè ALTO,D19,32,10
620,Via,CARè ALTO,P26,32,10
6.415,Via,CARLI,D515,65,6
6.415,Via,CARLI,P452,65,6
5.745,Via,CARNERI,D313,86,1
5.745,Via,CARNERI,P426,86,1
5.105,Via,CARPENéDI,D39,90,1
5.105,Via,CARPENéDI,P410,90,1
7.445,Via,CASòTI,D111,61,7
7.445,Via,CASòTI,P24,61,7
8.323,Via,CASAI,D149,98,3
8.323,Via,CASAI,P266,98,3
8.121,Strada,CASARA,P230,79,3
7.305,Via,CASCATA,D129,61,7
7.305,Via,CASCATA,P276,61,7
8.508,Via,CASE NòVE,D143,96,2
8.508,Via,CASE NòVE,P260,96,2
8.920,Via,CASTAGNARI,D111,75,5
8.920,Via,CASTAGNARI,P1010,75,5
8.607,Via,CASTAGNETO,D19,76,4
8.607,Via,CASTAGNETO,P68,76,4
630,Via,CASTELBARCO,D111,17,11
630,Via,CASTELBARCO,P222,17,11
650,Via,CASTELLéR,D1147,45,10
650,Via,CASTELLéR,P842,45,10
8.007,Strada,CASTELPIAN,P1020,98,3
7.755,Via,CASTèL,D121,57,8
7.755,Via,CASTèL,P24,57,8
6.090,Via,CASTèL DEI MERLI,D169,69,6
6.090,Via,CASTèL DEI MERLI,P620,69,6
8.415,Via,CASTèL DI CORTESANO,D379,83,2
8.415,Via,CASTèL DI CORTESANO,P426,83,2
8.415,Via,CASTèL DI CORTESANO,P2840,81,2
8.415,Via,CASTèL DI CORTESANO,P4242,B83,2
8.415,Via,CASTèL DI CORTESANO,P4456,81,2
8.416,Via,CASTèL DI GARDOLO,D17,82,2
8.416,Via,CASTèL DI GARDOLO,P224,82,2
8.416,Via,CASTèL DI GARDOLO,P2636,91,1
7.450,Via,CASTèL DI PIETRAPIANA,D121,62,7
7.450,Via,CASTèL DI PIETRAPIANA,P1244,62,7
7.045,Via,CASTèL DI SAN ROCCO,D117,52,9
7.045,Via,CASTèL DI SAN ROCCO,P218,52,9
6.100,Via,CASTORI,D155,70,6
6.100,Via,CASTORI,P2A28,70,6
CODICE,TIPO,DESCRIZIONE,P/D  DAL Nr.  DALLA barra  AL nr.,ALLA barra  SEZIONE,CIRC
7.795,Via,CATONI,D1147,56,8
7.795,Via,CATONI,P4132,56,8
660,Via,CAURIòL,D111,27,11
8.527,Via,CAVADA,D57,81,2
6.467,Via,CAVALIERI,D115,66,6
6.467,Via,CAVALIERI,P22,66,6
670,Via,CAVE,D1115,20,11
670,Via,CAVE,P2100,20,11
680,Via,CAVOUR,D149,1,12
680,Via,CAVOUR,P244,1,12
7.455,Via,CELVA,D731,59,7
7.455,Via,CELVA,P234,59,7
690,localita',CENTA,D15,116,12
690,localita',CENTA,P28,16,12
700,Piazza,CENTA,D315,4,12
700,Piazza,CENTA,P214,4,12
3.501,Via,CENTOCHIAVI,D519,14,12
3.501,Via,CENTOCHIAVI,D2525,86,1
3.501,Via,CENTOCHIAVI,P246,14,12
3.501,Via,CENTOCHIAVI,P5292,86,1
8.740,Via,CENTRALE,D131,73,5
8.740,Via,CENTRALE,P252,73,5
730,Via,CERERIA,D111,18,11
730,Via,CERERIA,P410,18,11
7.805,Via,CERIòLA,D515,56,8
7.805,Via,CERIòLA,P22,57,8
7.805,Via,CERIòLA,P410,56,8
7.050,localita',CERNIDÓR,D369,50,9
7.050,localita',CERNIDÓR,P4170,50,9
740,Via,CERVARA,D15,4,12
740,Via,CERVARA,D1515,18,11
740,Via,CERVARA,D1765,4,12
740,Via,CERVARA,D6793,6,12
740,Via,CERVARA,P8114,18,11
8.656,Via,CESANA - CANDRIAI,D19,76,4
8.656,Via,CESANA - CANDRIAI,D1319,78,3
8.656,Via,CESANA - CANDRIAI,P220,78,3
6.110,Via,CESARINI,D131,71,6
6.110,Via,CESARINI,P250,71,6
8.503,Via,CESURéT,D113,81,2
8.503,Via,CESURéT,P68,81,2
8.313,Via,CESURóN,D311,98,3
8.313,Via,CESURóN,P434,98,3
5.580,Via,CETTO,D121,90,1
5.580,Via,CETTO,P214,90,1
760,Via,CHIESA,D15,29,11
760,Via,CHIESA,P26,29,11
8.322,Via,CHIESA,D17,98,3
8.322,Via,CHIESA,P224,98,3
770,Via,CHINI,D1115,41,10
770,Via,CHINI,P26,41,10
775,Via,CHIOCCHETTI,D117,14,12
775,Via,CHIOCCHETTI,P450,14,12
CODICE,TIPO,DESCRIZIONE,P/D  DAL Nr.  DALLA barra  AL nr.,ALLA barra  SEZIONE,CIRC
6.402,Via,CHIOGNA,D323,65,6
6.402,Via,CHIOGNA,P48,65,6
785,Salita,CICCOLINI,D17,13,12
785,Salita,CICCOLINI,P212,13,12
8.516,Strada,CIRòCOL,D515,83,2
8.516,Strada,CIRòCOL,P240,83,2
6.403,Via,CIURLETTI,D121,97,6
6.403,Via,CIURLETTI,P24,97,6
3.843,Passaggio,CLEMENTEL,D113,17,11
800,Via,CLESIO,D17,5,12
800,Via,CLESIO,P214,5,12
6.468,Via,COGNOLA,D167,64,6
6.468,Via,COGNOLA,P26,64,6
810,Via,COL DI LANA,D17,32,10
810,Via,COL DI LANA,P220,32,10
820,Vicolo,COLICO,D11,1,12
820,Vicolo,COLICO,P212,1,12
7.060,Via,COLLI,D111,53,9
7.060,Via,COLLI,P216,53,9
830,Via,COLLINA,D139,20,11
830,Via,COLLINA,P22,23,11
830,Via,COLLINA,P418,20,11
8.122,Via,COLTURA,D349,79,3
8.122,Via,COLTURA,P6170,79,3
840,Via,COMMERCIO,D171,11,12
840,Via,COMMERCIO,P282,11,12
8.945,Via,COMUNI,D119,95,5
8.945,Via,COMUNI,P218,95,5
845,Via,CONCI,D1A1,A52,9
845,Via,CONCI,D3153,46,10
845,Via,CONCI,P290,46,10
8.965,Piazza,CONDINI,D11,95,5
8.965,Piazza,CONDINI,P612,95,5
8.609,Via,CONFRATERNITA,D33,76,4
8.609,Via,CONFRATERNITA,P24,76,4
860,Via,CONI ZUGNA,D121,36,10
860,Via,CONI ZUGNA,P224,36,10
6.481,Via,CONSOLATI,D11,64,6
6.481,Via,CONSOLATI,P210,64,6
3.814,Vicolo,CONTRADA TEDESCA,D39,3,12
7.790,Via,COOPERAZIONE,D3145,58,8
7.790,Via,COOPERAZIONE,P266,58,8
6.469,Via,CORALLO,P414,66,6
8.511,Via,CORRADI,D19,81,2
8.511,Via,CORRADI,P24,81,2
6.404,Vicolo,CORTE,D115,97,6
6.404,Vicolo,CORTE,P28,97,6
8.413,Via,CORTESANO,D535,96,2
8.413,Via,CORTESANO,P214,96,2
8.413,Via,CORTESANO,P2226,83,2
8.493,Via,COSTA,D19,83,2
3.823,Via,COSTA SAN NICOLò,D15,72,5
3.823,Via,COSTA SAN NICOLò,P414,16,12
CODICE,TIPO,DESCRIZIONE,P/D  DAL Nr.  DALLA barra  AL nr.,ALLA barra  SEZIONE,CIRC
3.823,Via,COSTA SAN NICOLò,P2054,72,5
6.120,Via,COSTE,D317,67,6
6.120,Via,COSTE,P244,67,6
6.130,Via,COSTIòLE,D119,69,6
6.130,Via,COSTIòLE,P262,69,6
3.837,Viale,COSTITUZIONE,D137,23,11
3.837,Viale,COSTITUZIONE,P228,23,11
8.473,Vicolo,CRòZZI,D17,82,2
8.473,Vicolo,CRòZZI,P216,82,2
8.614,Via,CRòZZOLE,D311,76,4
7.765,Via,CRòZZOLI,D113,56,8
7.765,Via,CRòZZOLI,P212,56,8
5.640,Via,CRIVELLI,D121,91,1
7.435,Via,CRóS,D123,61,7
7.435,Via,CRóS,P410,61,7
8.750,Via,CROCE,D177,72,5
8.750,Via,CROCE,P250,72,5
6.405,Via,CROCEFISSO,P44,97,6
8.613,Via,CROSARA,D317,76,4
8.613,Via,CROSARA,P410,76,4
5.125,Via,CROSARE,D125,92,1
5.125,Via,CROSARE,P412,92,1
6.140,Via,DòS,D317,69,6
6.140,Via,DòS,P620,69,6
8.950,Via,DòS BRUN,D33,95,5
8.950,Via,DòS BRUN,P46,95,5
8.011,Via,DòS CALT,D169,98,3
8.011,Via,DòS CALT,P48,98,3
6.150,Via,DòS CASTION,D133,67,6
6.150,Via,DòS CASTION,P1230,67,6
8.524,Via,DòS DE LA LUNA,D127,81,2
8.524,Via,DòS DE LA LUNA,P254,81,2
6.484,Via,DòS DE LA POLèNTA,P44,66,6
8.314,Strada,DòS DE LE GIARE,D113,98,3
8.314,Strada,DòS DE LE GIARE,P28,98,3
7.714,Via,DòS DEL PIN,D339,58,8
7.714,Via,DòS DEL PIN,P836,58,8
8.412,Strada,DòS DI LAMAR,D17,81,2
8.412,Strada,DòS DI LAMAR,D1111,90,1
8.412,Strada,DòS DI LAMAR,P48,81,2
8.412,Strada,DòS DI LAMAR,P2250,B90,1
8.123,Via,DòS DI SANT'ELENA,D123,79,3
8.123,Via,DòS DI SANT'ELENA,P228,79,3
8.070,Strada,DòS GARIòL,D731,80,3
8.070,Strada,DòS GARIòL,P436,80,3
8.071,Strada,DòS GRUM,D311,98,3
8.071,Strada,DòS GRUM,P622,98,3
1.010,Via,DòS TRENTO,D189,94,12
1.010,Via,DòS TRENTO,P286,94,12
8.012,Via,DòSSA,D141,78,3
8.012,Via,DòSSA,P230,78,3
8.013,Via,DòSSOL,D3101,98,3
8.013,Via,DòSSOL,P252,98,3
CODICE,TIPO,DESCRIZIONE,P/D  DAL Nr.  DALLA barra  AL nr.,ALLA barra  SEZIONE,CIRC
2.040,Via,D'ARCO,D127,32,10
2.040,Via,D'ARCO,P230,32,10
2.210,Via,DA PALESTRINA,D37,27,11
2.210,Via,DA PALESTRINA,P1430,27,11
2.900,Via,DA SANSEVERINO,D3143,17,11
2.900,Via,DA SANSEVERINO,D97129,27,11
8.654,Via,DAINI - VANéZE,D39,76,4
8.654,Via,DAINI - VANéZE,D1523,78,3
8.654,Via,DAINI - VANéZE,D2525,76,4
8.654,Via,DAINI - VANéZE,P48,78,3
876,Vicolo,DALL'ARMI,D115,2,12
876,Vicolo,DALL'ARMI,P214,2,12
8.513,Vicolo,DALL'AVO,D15,83,2
8.513,Vicolo,DALL'AVO,P416,83,2
875,Salita,DALLA FIOR,D115,14,12
875,Salita,DALLA FIOR,P68,14,12
7.460,Via,DALLAFIOR,D121,59,7
7.460,Via,DALLAFIOR,P236,59,7
870,Vicolo,DALLAPICCOLA,D111,18,11
870,Vicolo,DALLAPICCOLA,P212,18,11
880,Piazza,DANTE,D315,6,12
880,Piazza,DANTE,P816,6,12
890,Via,DE AMICIS,D121,11,12
890,Via,DE AMICIS,P22,11,12
8.602,Via,DE BALZANI,D33,76,4
8.602,Via,DE BALZANI,P28,76,4
540,Via,DE CAMPI,D117,5,12
540,Via,DE CAMPI,P230,5,12
8.474,Vicolo,DE CARLI,D13,82,2
8.474,Vicolo,DE CARLI,P210,82,2
3.802,Via,DE FINETTI,D123,39,10
3.802,Via,DE FINETTI,P236,39,10
3.832,Via,DE RICCABONA,P212,52,9
8.212,Via,DEFLORIAN,D315,80,3
8.212,Via,DEFLORIAN,P222,80,3
900,Via,DEGASPERI,D959,43,10
900,Via,DEGASPERI,D6167,39,10
900,Via,DEGASPERI,P1234,443,10
900,Via,DEGASPERI,P3236,139,10
900,Via,DEGASPERI,P882152,39,10
920,Via,DESèRT,D11,27,11
920,Via,DESèRT,P214,27,11
3.780,Via,DETASSIS,D169,8,12
3.780,Via,DETASSIS,P822,8,12
930,Via,DIAZ,D115,3,12
930,Via,DIAZ,P226,3,12
8.615,Via,DINèRI,D19,76,4
8.615,Via,DINèRI,P28,76,4
3.700,Passaggio,DISERTORI,D125,12,12
3.700,Passaggio,DISERTORI,P276,12,12
960,Piazzale,DIVISIONI ALPINE,D15,94,12
7.770,Via,DèCIMA,D123,56,8
7.770,Via,DèCIMA,P234,56,8
CODICE,TIPO,DESCRIZIONE,P/D  DAL Nr.  DALLA barra  AL nr.,ALLA barra  SEZIONE,CIRC
970,Via,DOGANA,D19,6,12
970,Via,DOGANA,P218,6,12
3.838,Piazza,DONNE LAVORATRICI,D17,23,11
3.838,Piazza,DONNE LAVORATRICI,P26,23,11
980,Via,DORDI,D125,2,12
980,Via,DORDI,P238,2,12
1.020,Via,DOSSI,D125,9,12
1.020,Via,DOSSI,P216,9,12
7.870,Salita,DOSSI,D163,56,8
7.870,Salita,DOSSI,P446,56,8
8.494,Via,DOSSèRA,D115,83,2
8.494,Via,DOSSèRA,P28,83,2
5.770,Via,DRAVA,D13,87,1
1.540,Via,DRUSO,D113,16,12
1.540,Via,DRUSO,P212,16,12
1.040,Piazza,DUOMO,D145,3,12
1.040,Piazza,DUOMO,P1046,3,12
1.050,Via,EINAUDI,D325,39,10
1.050,Via,EINAUDI,P266,39,10
1.060,Via,ENDRICI,D123,25,11
1.060,Via,ENDRICI,D2727,18,11
1.060,Via,ENDRICI,P222,25,11
1.060,Via,ENDRICI,P2430,18,11
7.701,Via,ENDRIZZI,D919,58,8
7.701,Via,ENDRIZZI,P28,58,8
1.070,Piazza,ERBE,D17,2,12
1.070,Piazza,ERBE,P26,2,12
7.370,Via,EREMO,D719,59,7
7.370,Via,EREMO,P450,59,7
1.080,Via,ESTERLE,D113,3,12
1.080,Via,ESTERLE,D1515,17,11
1.080,Via,ESTERLE,P230,17,11
8.525,Strada,FACHINA,D13,81,2
8.655,Via,FALCHI - VANéZE,D121,76,4
8.655,Via,FALCHI - VANéZE,D2325,78,3
8.655,Via,FALCHI - VANéZE,P812,76,4
8.655,Via,FALCHI - VANéZE,P1436,78,3
3.902,Via,FALCONE,P416,40,10
7.070,Via,FALZOLGHER,D153,51,9
7.070,Via,FALZOLGHER,P246,51,9
5.750,Via,FATTORI,P220,86,1
5.645,Via,FEININGER,D19,87,1
5.645,Via,FEININGER,P234,87,1
6.482,Via,FELLIN,D331,66,6
6.482,Via,FELLIN,P236,66,6
1.090,Via,FERMI,D335,40,10
1.090,Via,FERMI,P470,40,10
3.831,Via,FERRANDI,D15,45,10
3.831,Via,FERRANDI,P24,45,10
1.100,Via,FERROVIERI,D353,9,12
1.100,Via,FERROVIERI,P436,9,12
1.110,Via,FERRUCCIO,D119,3,12
1.110,Via,FERRUCCIO,P210,3,12
CODICE,TIPO,DESCRIZIONE,P/D  DAL Nr.  DALLA barra  AL nr.,ALLA barra  SEZIONE,CIRC
1.120,Via,FERSINA,D1125,38,10
1.120,Via,FERSINA,P278,38,10
1.130,Piazza,FIERA,D123,18,11
1.130,Piazza,FIERA,P224,18,11
8.526,Vicolo,FILANDA,D19,81,2
8.526,Vicolo,FILANDA,P26,81,2
8.616,Via,FILARI,D1115,76,4
8.616,Via,FILARI,P216,76,4
8.760,Via,FILARI LONGHI,D127,74,5
8.760,Via,FILARI LONGHI,P224,74,5
1.140,Via,FILZI,D17,27,11
1.140,Via,FILZI,P218,27,11
1.150,Via,FIUME,D19,20,11
1.150,Via,FIUME,P238,20,11
8.487,Strada,FóNDA,D1117,83,2
8.487,Strada,FóNDA,P216,83,2
1.160,Via,FOGAZZARO,D337,36,10
1.160,Via,FOGAZZARO,P24,36,10
1.170,Via,FONTANA,D165,7,12
1.170,Via,FONTANA,P260,7,12
6.489,Via,FONTANASANTA,P626,67,6
8.930,Via,FONTANELLE,D127,75,5
8.930,Via,FONTANELLE,P422,75,5
6.160,Via,FORMIGHéTA,D119,71,6
6.160,Via,FORMIGHéTA,P452,71,6
8.124,Via,FORNàS,P22,79,3
8.482,Via,FORNACE,D341,96,2
8.482,Via,FORNACE,P226,96,2
6.170,Via,FORTE,D135,70,6
6.170,Via,FORTE,P272,70,6
7.850,Strada,FORTI,D587,57,8
7.850,Strada,FORTI,P840,57,8
8.486,Via,FRAGARI,D739,83,2
8.486,Via,FRAGARI,P684,83,2
3.804,Via,FRANCESCHINI,P1030,12,12
1.180,Via,FRANK,D111,37,10
1.180,Via,FRANK,P22,37,10
7.800,Via,FRATTE,D35,55,8
7.800,Via,FRATTE,P230,55,8
7.721,Strada,FRICCA,P412,58,8
7.718,Strada,FRICCA - VALSORDA,D311,58,8
7.718,Strada,FRICCA - VALSORDA,P412,58,8
8.617,Strada,FUNIVIA,D525,76,4
8.617,Strada,FUNIVIA,P270,76,4
7.425,Via,GABBIOLO,D143,61,7
7.425,Via,GABBIOLO,P240,61,7
3.815,Piazzetta,GAISMAYR,D11,3,12
3.815,Piazzetta,GAISMAYR,P22,3,12
7.080,Via,GALASSA,D183,52,9
7.080,Via,GALASSA,P48,45,10
7.080,Via,GALASSA,P1276,52,9
7.080,Via,GALASSA,P8082,45,10
7.080,Via,GALASSA,P8694,45,10
CODICE,TIPO,DESCRIZIONE,P/D  DAL Nr.  DALLA barra  AL nr.,ALLA barra  SEZIONE,CIRC
1.190,Vicolo,GALASSO,D321,3,12
1.190,Vicolo,GALASSO,P24,3,12
1.200,Via,GALILEI,D131,5,12
1.200,Via,GALILEI,P234,5,12
1.210,Via,GANDHI,D19,43,10
1.210,Via,GANDHI,P220,43,10
1.220,Via,GAR,D139,2,12
1.220,Via,GAR,P420,2,12
1.250,Via,GARBARI,D11,11,12
1.250,Via,GARBARI,P216,11,12
3.600,Galleria,GARBARI,D19,3,12
3.600,Galleria,GARBARI,P212,3,12
3.830,Strada,GARDESANA DI TRENTO,D33,16,12
3.830,Strada,GARDESANA DI TRENTO,P438,16,12
1.230,Via,GARIBALDI,D133,2,12
1.230,Via,GARIBALDI,P210,2,12
8.618,Androna,GARNIGA,D113,76,4
8.618,Androna,GARNIGA,P48,76,4
1.260,Piazza,GARZETTI,D119,2,12
1.260,Piazza,GARZETTI,P218,2,12
1.270,Vicolo,GAUDENTI,D15,2,12
1.270,Vicolo,GAUDENTI,P212,2,12
1.280,Via,GAZZOLETTI,D151,6,12
1.280,Via,GAZZOLETTI,P22,6,12
6.180,Via,GEMELLE,D115,68,6
6.180,Via,GEMELLE,P216,68,6
1.290,Via,GENTILOTTI,P612,18,11
1.300,Via,GEROLA,D127,33,10
1.300,Via,GEROLA,P48,33,10
1.310,Via,GHIAIE,D367,31,11
1.310,Via,GHIAIE,P242,31,11
5.160,Via,GIACOMONI,D13,87,1
5.160,Via,GIACOMONI,P26,87,1
6.429,Via,GIANORDOLI,D325,63,6
6.429,Via,GIANORDOLI,P28,63,6
8.126,Via,GIARA,D337,80,3
8.126,Via,GIARA,P242,80,3
1.320,Salita,GIARDINI,D13,23,11
1.320,Salita,GIARDINI,P210,23,11
3.502,Via,GIARDINI,D151,22,11
3.502,Via,GIARDINI,D5979,97,6
3.502,Via,GIARDINI,P250,22,11
3.502,Via,GIARDINI,P5686,97,6
5.170,Via,GIARETTE,D121,89,1
5.170,Via,GIARETTE,P212,89,1
5.755,Via,GIONGO,D121,86,1
5.755,Via,GIONGO,P24,86,1
7.090,Via,GIORDANO,D121,551,9
7.090,Via,GIORDANO,P224,51,9
1.340,Via,GIOVANELLI,D137,22,11
1.340,Via,GIOVANELLI,P26,22,11
7.265,Via,GIUDITI,D125,51,9
7.265,Via,GIUDITI,P48,51,9
CODICE,TIPO,DESCRIZIONE,P/D  DAL Nr.  DALLA barra  AL nr.,ALLA barra  SEZIONE,CIRC
5.470,Via,GIUGNO (1946),D519,87,1
5.470,Via,GIUGNO (1946),P1236,87,1
1.350,Via,GIUSTI,D163,25,11
1.350,Via,GIUSTI,P284,25,11
8.491,Strada,GóRGHE,D123,83,2
8.491,Strada,GóRGHE,P224,83,2
1.355,Via,GMEINER,D125,35,10
1.355,Via,GMEINER,P612,35,10
1.370,Via,GOCCIADORO,D197,35,10
1.370,Via,GOCCIADORO,D99115,41,10
1.370,Via,GOCCIADORO,P2100,35,10
1.370,Via,GOCCIADORO,P130160,41,10
3.508,Via,GOIO,D319,88,1
3.508,Via,GOIO,P28,11,12
3.825,Via,GORFER,D113,45,10
3.825,Via,GORFER,P28,45,10
1.380,Via,GORIZIA,D395,34,10
1.380,Via,GORIZIA,P290,34,10
7.703,Via,GOTARDA,D37,56,8
7.703,Via,GOTARDA,P66,75,5
7.420,Via,GRAFFIANO,D15,61,7
7.420,Via,GRAFFIANO,P244,61,7
1.390,Via,GRAMSCI,D129,40,10
1.390,Via,GRAMSCI,P272,40,10
5.715,Via,GRAZ,D317,93,1
5.715,Via,GRAZ,P442,93,1
1.400,Via,GRAZIOLI,D1101,21,11
1.400,Via,GRAZIOLI,P2180,21,11
6.190,Via,GREZóNI,D139,63,6
6.190,Via,GREZóNI,P228,63,6
5.480,Piazzale,GROFF,D39,92,1
5.480,Piazzale,GROFF,P210,92,1
7.261,Via,GROTTA,D121,51,9
7.261,Via,GROTTA,P420,51,9
1.410,Via,GUARDI,D111,8,12
1.410,Via,GUARDI,P210,8,12
1.415,Via,GUARDINI,D375,12,12
1.415,Via,GUARDINI,P466,12,12
8.517,Via,GUARINONI,D19,83,2
8.517,Via,GUARINONI,P418,83,2
8.462,Via,GUERRA RUSTICA,D115,82,2
8.462,Via,GUERRA RUSTICA,P216,82,2
3.750,Via,GUETTI,D115,8,12
3.750,Via,GUETTI,P654,8,12
8.805,Via,HERRSCHING,D113,74,5
8.805,Via,HERRSCHING,P228,74,5
7.760,localita',I CAROZÉTI,D335,54,8
7.760,localita',I CAROZÉTI,P232,54,8
7.855,localita',I GREZZI,D729,57,8
7.855,localita',I GREZZI,P612,57,8
1.440,localita',I LAGHETTI,D15,16,12
6.406,Strada,IMPERIALE,D33,97,6
6.406,Strada,IMPERIALE,P26,97,6
CODICE,TIPO,DESCRIZIONE,P/D  DAL Nr.  DALLA barra  AL nr.,ALLA barra  SEZIONE,CIRC
1.420,Via,INAMA,D115,18,11
1.420,Via,INAMA,P28,18,11
5.460,Via,INNSBRUCK,D3167,84,1
5.460,Via,INNSBRUCK,P2020,84,1
3.760,Via,IORI,D331,40,10
3.760,Via,IORI,P412,40,10
5.785,Via,ISARCO,D37,84,1
5.785,Via,ISARCO,P226,84,1
8.912,Via,ISCHIE,D371,95,5
8.912,Via,ISCHIE,P48,95,5
8.912,Via,ISCHIE,P1218,56,8
6.198,Via,JüLG,D113,63,6
6.198,Via,JüLG,P4A34,A63,6
6.198,Via,JüLG,P3640,65,6
6.200,Via,KOFLER,D123,65,6
6.200,Via,KOFLER,P262,65,6
780,Via,LA CLARINA,D115,41,10
780,Via,LA CLARINA,P240,41,10
3.390,localita',LA VELA,D137,16,12
3.390,localita',LA VELA,P216,16,12
8.127,Strada,LAGO,P26,80,3
1.450,Piazzetta,LAINEZ,D11,1,12
1.450,Piazzetta,LAINEZ,P26,1,12
5.655,Via,LAMAR,D723,90,1
5.655,Via,LAMAR,P232,90,1
1.460,Via,LAMPI,D19,11,12
1.460,Via,LAMPI,P616,11,12
6.488,Via,LANCIATESA,D313,66,6
6.488,Via,LANCIATESA,P410,66,6
3.828,Via,LANZEROTTI,D121,45,10
3.828,Via,LANZEROTTI,P214,45,10
8.016,Via,LAON,D131,98,3
8.016,Via,LAON,P424,98,3
1.465,Salita,LARGAIOLLI,D319,13,12
1.465,Salita,LARGAIOLLI,P428,13,12
1.470,Via,LASTE,D133,18,11
1.470,Via,LASTE,D3785,63,6
1.470,Via,LASTE,P230,18,11
7.845,localita',LASTE DI MATTARELLO,D17,57,8
7.845,localita',LASTE DI MATTARELLO,P644,57,8
8.017,Via,LAVàCHEL - VANéZE,D337,77,3
8.017,Via,LAVàCHEL - VANéZE,P218,77,3
7.712,Strada,LAVANDARA,D715,58,8
7.712,Strada,LAVANDARA,P412,58,8
6.454,Via,LAVARON,P212,68,6
1.480,Via,LAVISOTTO,D1145,10,12
1.480,Via,LAVISOTTO,P224,10,12
3.839,Corso,LAVORO E DELLA SCIENZA,D35,23,11
3.839,Corso,LAVORO E DELLA SCIENZA,P210,23,11
7.880,localita',LE BASSE,D1A39,56,8
7.880,localita',LE BASSE,P226,56,8
7.835,localita',LE MARTINELLE,D1115,54,8
7.835,localita',LE MARTINELLE,P620,54,8
CODICE,TIPO,DESCRIZIONE,P/D  DAL Nr.  DALLA barra  AL nr.,ALLA barra  SEZIONE,CIRC
7.840,localita',LE VALLI,D715,57,8
7.840,localita',LE VALLI,P66,57,8
1.490,Galleria,LEGIONARI TRENTINI,D19,3,12
1.490,Galleria,LEGIONARI TRENTINI,P210,3,12
1.500,Piazza,LEONARDO DA VINCI,D17,1,12
1.500,Piazza,LEONARDO DA VINCI,P24,1,12
1.520,Lungadige,LEOPARDI,D3109,15,12
5.500,Piazza,LIBERTà,D321,90,1
5.500,Piazza,LIBERTà,P218,90,1
1.530,Vicolo,LICEO,D113,2,12
1.530,Vicolo,LICEO,P220,2,12
7.890,Via,LIDORNO,D33,54,8
8.619,Via,LóNGA,P1010,76,4
1.550,Piazza,LODRON,D133,2,12
1.550,Piazza,LODRON,P234,2,12
5.200,Via,LOGGETTA,P218,84,1
5.530,Via,LOGHéT,D373,93,1
5.530,Via,LOGHéT,P238,93,1
3.836,Via,LORENZI,D11,52,9
3.836,Via,LORENZI,D311,44,10
3.836,Via,LORENZI,P22,52,9
3.836,Via,LORENZI,P430,44,10
1.560,Via,LORENZONI,D19,125,11
1.560,Via,LORENZONI,P2A18,125,11
6.455,Via,LOVARA,D59,68,6
6.455,Via,LOVARA,P44,68,6
1.555,Via,LUNELLI,D183,14,12
1.555,Via,LUNELLI,P266,14,12
1.565,Piazzetta,LUNELLI,D111,3,12
1.565,Piazzetta,LUNELLI,P814,3,12
8.780,Via,MàSERE,D139,73,5
8.780,Via,MàSERE,P216,73,5
1.570,Via,MACCANI,D1231,11,12
1.570,Via,MACCANI,P14164,11,12
3.870,Vicolo,MACELLO VECCHIO,P24,4,12
3.860,Via,MACH,D1313,45,10
3.860,Via,MACH,P240,45,10
6.485,Via,MADERNO,D745,70,6
6.485,Via,MADERNO,P424,70,6
3.817,Via,MADONNA BIANCA,D35,47,10
3.817,Via,MADONNA BIANCA,P2148,47,10
8.523,Via,MADONNA DEI PRATI,D19,83,2
8.523,Via,MADONNA DEI PRATI,P426,83,2
7.405,Via,MADONNA DELLA CORONA,D121,61,7
7.405,Via,MADONNA DELLA CORONA,P214,61,7
1.590,Piazza,MADONNA DELLE LASTE,D11,18,11
8.496,Piazza,MADONNA DI CARAVAGGIO,D117,81,2
8.496,Piazza,MADONNA DI CARAVAGGIO,P220,81,2
7.315,Via,MADONNINA,D11,59,7
7.315,Via,MADONNINA,D357,61,7
7.315,Via,MADONNINA,P430,61,7
1.600,Via,MADRUZZO,D149,18,11
1.600,Via,MADRUZZO,P278,18,11
CODICE,TIPO,DESCRIZIONE,P/D  DAL Nr.  DALLA barra  AL nr.,ALLA barra  SEZIONE,CIRC
1.610,Vicolo,MADRUZZO,P218,23,11
3.610,Via,MAESTRI DEL LAVORO,D119,8,12
3.610,Via,MAESTRI DEL LAVORO,P2108,8,12
1.620,Via,MAFFEI,D117,17,11
1.620,Via,MAFFEI,P22,17,11
8.810,Via,MAGGIO,D111,74,5
8.810,Via,MAGGIO,P210,74,5
3.420,Via,MAGGIO (1915),D1117,23,11
3.420,Via,MAGGIO (1915),P212,23,11
8.502,Strada,MAGNòI,D37,81,2
8.985,Via,MALEBIS,D121,95,5
1.630,Via,MALFATTI,D127,23,11
1.630,Via,MALFATTI,P28,23,11
8.463,Via,MALGAR,D313,82,2
8.463,Via,MALGAR,P612,82,2
1.640,Via,MALPAGA,D117,3,12
1.640,Via,MALPAGA,P226,3,12
3.720,Via,MALPENSADA,P2162,46,10
1.650,Via,MALTA,D119,22,11
1.650,Via,MALTA,P216,22,11
1.660,Via,MALVASIA,D1105,4,12
1.660,Via,MALVASIA,P230,4,12
1.690,Salita,MANCI,D33,20,11
1.690,Salita,MANCI,D735,34,10
1.690,Salita,MANCI,P28,20,11
1.700,Via,MANCI,D593,3,12
1.700,Via,MANCI,P286,3,12
7.380,Piazza,MANCI,D117,59,7
7.380,Piazza,MANCI,P214,59,7
8.652,Via,MANDOLARE,D17,16,12
8.652,Via,MANDOLARE,D911,76,4
8.652,Via,MANDOLARE,P44,16,12
8.652,Via,MANDOLARE,P610,76,4
1.710,Via,MANTOVA,D175,2,12
1.710,Via,MANTOVA,P238,2,12
1.720,Via,MANTOVANA,P28,E18,11
1.730,Via,MANZONI,D153,4,12
1.730,Via,MANZONI,P228,4,12
1.740,Via,MARANZA,D19,35,10
1.740,Via,MARANZA,P222,35,10
7.501,Strada,MARANZA,D311,60,7
7.501,Strada,MARANZA,D1923,51,9
7.501,Strada,MARANZA,P210,60,7
7.501,Strada,MARANZA,P2024,51,9
7.465,Via,MARCHESONI,D141,59,7
7.465,Via,MARCHESONI,P260,59,7
1.750,Via,MARCHETTI,D121,5,12
1.750,Via,MARCHETTI,P248,5,12
1.780,Via,MARCONI,D111,12,12
1.780,Via,MARCONI,P212,12,12
8.770,Via,MARGONE,D135,74,5
8.770,Via,MARGONE,P216,74,5
1.790,Via,MARIANI,D15,20,11
CODICE,TIPO,DESCRIZIONE,P/D  DAL Nr.  DALLA barra  AL nr.,ALLA barra  SEZIONE,CIRC
1.790,Via,MARIANI,P28,20,11
1.760,Via,MARIGHETTO,D9127,47,10
1.760,Via,MARIGHETTO,P10136,47,10
3.827,Via,MARINAI D'ITALIA,P1818,44,10
6.220,Via,MARNIGHE,D141,64,6
6.220,Via,MARNIGHE,P232,64,6
3.805,Via,MARONI,D121,14,12
3.805,Via,MARONI,P262,14,12
1.800,Via,MARSALA,D183,36,10
1.810,Via,MARTINI,D13,31,11
1.810,Via,MARTINI,P44,31,11
7.110,Via,MARZòLA,D127,52,9
7.110,Via,MARZòLA,P274,52,9
5.440,Via,MARZO,D359,93,1
5.440,Via,MARZO,P430,93,1
7.810,localita',MASÉT,D123,57,8
7.810,localita',MASÉT,P28,57,8
5.540,Via,MASADóRI,D35,93,1
5.540,Via,MASADóRI,P250,93,1
6.240,Via,MASETTI,D141,66,6
6.240,Via,MASETTI,P250,66,6
8.128,Via,MASI,D319,79,3
8.128,Via,MASI,P66,79,3
8.518,Strada,MASI SARACINI,D77,81,2
8.018,Via,MASO BANAL,D367,98,3
8.018,Via,MASO BANAL,P212,98,3
8.019,Strada,MASO BERLANDI,D33,77,3
8.019,Strada,MASO BERLANDI,P44,77,3
8.417,Via,MASO BIANCO,D119,96,2
8.417,Via,MASO BIANCO,P22,96,2
8.417,Via,MASO BIANCO,P1022,82,2
6.493,Via,MASO CARESìA,P216,71,6
6.417,Via,MASO FRACHETTI,D315,65,6
6.417,Via,MASO FRACHETTI,P44,65,6
8.528,Via,MASO GARBINI,P28,81,2
6.452,Via,MASO LIBRAR,D17,68,6
6.452,Via,MASO LIBRAR,D1111,81,2
6.452,Via,MASO LIBRAR,P210,68,6
6.451,Via,MASO PAGANIN,P24,81,2
8.021,Via,MASO PETòCI,D321,77,3
8.021,Via,MASO PETòCI,P44,77,3
6.491,Via,MASO PEZANI,D135,70,6
6.491,Via,MASO PEZANI,P414,70,6
8.651,Via,MASO SCALA,P24,16,12
8.651,Via,MASO SCALA,P624,76,4
3.822,Via,MASO SMALZ,D317,31,11
3.822,Via,MASO SMALZ,P22,31,11
6.440,Via,MASO SPECCHIO,D33,70,6
6.440,Via,MASO SPECCHIO,P418,70,6
3.620,Via,MASO VISINTAINER,P418,16,12
5.210,Via,MATTEDI,D15,90,1
5.210,Via,MATTEDI,P216,A90,1
3.901,Via,MATTEOTTI,D1133,28,11
CODICE,TIPO,DESCRIZIONE,P/D  DAL Nr.  DALLA barra  AL nr.,ALLA barra  SEZIONE,CIRC
3.901,Via,MATTEOTTI,P446,28,11
1.830,Via,MATTIOLI,D327,26,11
1.830,Via,MATTIOLI,P210,B26,11
1.840,Via,MAZZINI,D149,2,12
1.840,Via,MAZZINI,P256,2,12
8.790,Via,MAZZONELLI,D39,72,5
8.790,Via,MAZZONELLI,P422,72,5
1.850,Largo,MEDAGLIE D'ORO,D39,33,10
1.850,Largo,MEDAGLIE D'ORO,P28,133,10
1.860,Via,MEDICI,D337,37,10
1.860,Via,MEDICI,P450,37,10
5.595,Via,MELTA,D599,86,1
5.595,Via,MELTA,P26,88,1
5.595,Via,MELTA,P1044,86,1
7.860,Via,MENESTRINA,D947,57,8
7.860,Via,MENESTRINA,P844,57,8
6.250,Piazza,MENGHIN,D19,70,6
6.250,Piazza,MENGHIN,P28,70,6
1.870,Via,MENGUZZATO,D9213,44,10
1.870,Via,MENGUZZATO,P1450,44,10
6.475,Via,MERIDIANA,D113,64,6
6.475,Via,MERIDIANA,P210,64,6
3.503,Via,MESIANO,D115,59,7
3.503,Via,MESIANO,D1719,33,10
3.503,Via,MESIANO,D2125,59,7
3.503,Via,MESIANO,D2727,33,10
3.503,Via,MESIANO,D2929,A59,7
3.503,Via,MESIANO,D3177,33,10
3.503,Via,MESIANO,D7979,59,7
3.503,Via,MESIANO,P250,59,7
6.418,Via,MICHéI,D135,97,6
6.418,Via,MICHéI,P224,97,6
5.610,Via,MILANI,D527,88,1
5.610,Via,MILANI,P260,88,1
1.890,Via,MILANO,D359,19,11
1.890,Via,MILANO,P2154,19,11
1.900,Via,MILLE,D169,17,11
1.900,Via,MILLE,P238,17,11
6.260,Via,MISSIONI AFRICANE,D323,71,6
6.260,Via,MISSIONI AFRICANE,P224,71,6
6.461,Piazzetta,MóNT,D111,68,6
6.461,Piazzetta,MóNT,P212,68,6
6.460,Via,MóNT DE SóRA,D185,68,6
6.460,Via,MóNT DE SóRA,P240,68,6
6.456,Via,MóNT DE SóTO,D333,68,6
6.456,Via,MóNT DE SóTO,P224,68,6
1.910,Via,MOGGIOLI,D121,8,12
1.910,Via,MOGGIOLI,P216,8,12
6.486,Via,MOIà,D311,63,6
6.486,Via,MOIà,P422,63,6
8.509,Via,MOLAR,D37,81,2
8.129,Via,MOLIN,D119,79,3
8.129,Via,MOLIN,P468,79,3
CODICE,TIPO,DESCRIZIONE,P/D  DAL Nr.  DALLA barra  AL nr.,ALLA barra  SEZIONE,CIRC
8.622,Via,MOLINARA,D321,76,4
8.622,Via,MOLINARA,P420,76,4
8.505,Strada,MOLINARI,D33,81,2
8.505,Strada,MOLINARI,P412,81,2
1.920,Via,MOLINI,P2244,20,11
7.260,Salita,MOLINI,D139,53,9
7.260,Salita,MOLINI,P248,53,9
5.670,Via,MONACO,D111,88,1
5.670,Via,MONACO,P216,88,1
8.022,Strada,MONASTERO DI SANT'ANNA,D17,77,3
8.022,Strada,MONASTERO DI SANT'ANNA,P214,77,3
1.930,Via,MONTE BALDO,D15,31,11
1.930,Via,MONTE BALDO,P456,31,11
8.623,Strada,MONTE BONDONE,D115,76,4
8.623,Strada,MONTE BONDONE,P226,76,4
5.240,Via,MONTE CALISIO,D131,92,1
5.240,Via,MONTE CALISIO,P1226,92,1
1.940,Via,MONTE CORNO,D17,28,11
1.940,Via,MONTE CORNO,P24,128,11
1.960,Via,MONTELLO,D521,34,10
1.960,Via,MONTELLO,P234,34,10
6.450,Strada,MONTEVACCINO,D115,68,6
6.450,Strada,MONTEVACCINO,P260,68,6
3.630,Via,MOR,D311,11,12
3.630,Via,MOR,P212,11,12
1.970,Via,MORONE,D119,7,12
1.970,Via,MORONE,P212,7,12
1.980,Vicolo,MOROSANTE,P210,1,12
3.690,Piazza,MOSNA,D125,3,12
3.690,Piazza,MOSNA,P224,3,12
8.235,Via,MOSNA DI VIGOLO,D111,80,3
8.235,Via,MOSNA DI VIGOLO,P626,80,3
1.990,Piazza,MOSTRA,D333,5,12
1.990,Piazza,MOSTRA,P632,5,12
8.236,Strada,MUR,P410,80,3
8.023,Via,MURA,D125,77,3
8.023,Via,MURA,P424,77,3
940,Via,MURA A,D135,1,12
950,Via,MURA B,D515,3,12
950,Via,MURA B,P224,3,12
3.504,Via,MURALTA,D117,22,11
3.504,Via,MURALTA,D1921,70,6
3.504,Via,MURALTA,P218,70,6
2.020,Via,MUREDEI,D159,30,11
2.020,Via,MUREDEI,P278,30,11
8.215,Via,NARóNCH,D15,80,3
8.215,Via,NARóNCH,P22,80,3
7.815,Via,NAZIONALE,D179,54,8
7.815,Via,NAZIONALE,P4222,54,8
7.130,localita',NEGRANO,D125,51,9
7.130,localita',NEGRANO,P226,51,9
2.030,Piazza,NEGRELLI,D313,20,11
2.030,Piazza,NEGRELLI,P212,20,11
CODICE,TIPO,DESCRIZIONE,P/D  DAL Nr.  DALLA barra  AL nr.,ALLA barra  SEZIONE,CIRC
7.263,Via,NESPOLAR,D733,51,9
7.263,Via,NESPOLAR,P426,51,9
6.480,Via,NICODèMO,D13,66,6
6.480,Via,NICODèMO,P48,66,6
7.140,Piazza,NICOLINI,D17,53,9
7.140,Piazza,NICOLINI,P26,53,9
2.050,Via,NICOLODI,D129,34,10
2.050,Via,NICOLODI,P270,34,10
5.790,Via,NOCE,D311,90,1
5.790,Via,NOCE,P418,90,1
7.267,Via,NODE,D331,52,9
7.267,Via,NODE,P614,52,9
8.551,Via,NOGARé,D113,82,2
8.551,Via,NOGARé,P224,82,2
8.066,Strada,NORGE,D35,78,3
8.066,Strada,NORGE,D919,76,4
8.066,Strada,NORGE,D2199,78,3
8.066,Strada,NORGE,P22,78,3
8.066,Strada,NORGE,P68,76,4
8.066,Strada,NORGE,P1274,78,3
8.026,Via,NOVAI,D3A15,77,3
7.865,Strada,NOVALINE,D323,57,8
7.865,Strada,NOVALINE,P466,57,8
3.350,Corso,NOVEMBRE (1918),D169,22,11
3.350,Corso,NOVEMBRE (1918),P274,22,11
3.350,Corso,NOVEMBRE (1918),P96178,25,11
5.290,Via,NOVEMBRE (1918),D7111,87,1
5.290,Via,NOVEMBRE (1918),D93293,288,1
5.290,Via,NOVEMBRE (1918),P22118,87,1
2.060,Vicolo,NUOTO,D315,20,11
2.060,Vicolo,NUOTO,P420,20,11
8.240,Via,NUOVA,D117,80,3
8.240,Via,NUOVA,P226,80,3
2.070,Via,OBERZINER,D119,7,12
2.070,Via,OBERZINER,P214,7,12
3.829,Via,ODORIZZI,D7103,45,10
3.829,Via,ODORIZZI,P252,45,10
3.841,Viale,OLIVETTI,D129,23,11
3.841,Viale,OLIVETTI,P238,23,11
6.290,Via,OLIVI,D131,365,6
6.290,Via,OLIVI,P238,65,6
2.080,Viale,OLMI,P244,42,10
7.475,Piazza,OLTRECASTELLO,D17,60,7
7.475,Piazza,OLTRECASTELLO,P28,60,7
8.319,Strada,OMALGA,D319,98,3
8.319,Strada,OMALGA,P22,98,3
2.090,Via,ONESTINGHEL,D113,35,10
2.090,Via,ONESTINGHEL,P412,35,10
5.760,Via,ORADINI,D315,86,1
5.760,Via,ORADINI,P228,86,1
2.100,Via,ORBI,D125,4,12
2.100,Via,ORBI,P216,4,12
2.110,Via,ORFANE,D123,1,12
CODICE,TIPO,DESCRIZIONE,P/D  DAL Nr.  DALLA barra  AL nr.,ALLA barra  SEZIONE,CIRC
2.110,Via,ORFANE,P28,1,12
2.120,Via,ORIOLA,D139,4,12
2.120,Via,ORIOLA,P238,4,12
2.130,Via,ORNE,D19,2,12
2.130,Via,ORNE,P234,2,12
2.140,Via,ORSI,D111,36,10
2.150,Vicolo,ORSOLINE,D17,1,12
2.150,Vicolo,ORSOLINE,P22,1,12
2.160,Via,ORTI,D527,1,12
2.160,Via,ORTI,P824,17,11
2.170,Via,ORTIGARA,D17,27,11
2.170,Via,ORTIGARA,P28,27,11
8.492,Via,OSELéRE,D347,83,2
8.492,Via,OSELéRE,P428,83,2
2.180,Via,OSS MAZZURANA,D383,2,12
2.180,Via,OSS MAZZURANA,P292,2,12
3.806,Via,OSSANNA,D15,39,10
3.806,Via,OSSANNA,P222,39,10
6.470,Via,OSSERVATORIO,D339,66,6
6.470,Via,OSSERVATORIO,P244,66,6
8.027,Piazza,OVéNO,D121,77,3
8.027,Piazza,OVéNO,P820,77,3
3.807,Tangenziale,OVEST,D99,72,5
6.407,Via,PéZ,D311,63,6
6.407,Via,PéZ,P640,63,6
2.190,Via,PADOVA,D19,32,10
2.190,Via,PADOVA,P220,132,10
7.395,Via,PAHO,D19,59,7
7.395,Via,PAHO,P220,59,7
8.028,Via,PALù,D113,78,3
8.028,Via,PALù,P216,78,3
7.704,Strada,PALAZZI,D325,54,8
7.704,Strada,PALAZZI,D3131,45,10
7.704,Strada,PALAZZI,D4149,54,8
7.704,Strada,PALAZZI,P254,54,8
5.781,Via,PALAZZINE,D1105,89,1
5.781,Via,PALAZZINE,P424,89,1
2.200,Via,PALERMO,D325,A33,10
2.200,Via,PALERMO,P426,33,10
8.015,Cima,PALON - VASON,D11,78,3
5.260,Via,PALUDI,D1B63,84,1
5.260,Via,PALUDI,P246,84,1
8.476,Via,PALUSTèI,D173,82,2
8.476,Via,PALUSTèI,P416,82,2
2.220,Via,PANCHERI,D37,11,12
2.220,Via,PANCHERI,P218,11,12
7.390,Via,PANTé,D125,59,7
7.390,Via,PANTé,P224,59,7
2.230,Via,PAPIRIA,D535,16,12
2.230,Via,PAPIRIA,P28,16,12
2.250,Via,PARADISI,D115,523,11
2.250,Via,PARADISI,P24,23,11
5.590,Via,PARIS,D121,92,1
CODICE,TIPO,DESCRIZIONE,P/D  DAL Nr.  DALLA barra  AL nr.,ALLA barra  SEZIONE,CIRC
5.590,Via,PARIS,P228,92,1
8.477,Vicolo,PARTELLONI,D315,82,2
2.240,Galleria,PARTIGIANI,D19,4,12
2.240,Galleria,PARTIGIANI,P210,4,12
2.260,Via,PASCOLI,D111,127,11
2.260,Via,PASCOLI,P68,127,11
2.270,Piazza,PASI,D123,2,12
2.270,Piazza,PASI,P224,2,12
8.130,Via,PASIèL,D11,79,3
5.720,Via,PASSIRIO,D519,90,1
5.720,Via,PASSIRIO,P1010,90,1
7.340,localita',PASSO CIMIRLO,D11103,60,7
7.340,localita',PASSO CIMIRLO,P10104,60,7
2.280,Via,PASUBIO,D137,32,10
2.280,Via,PASUBIO,P236,32,10
2.300,Via,PECORI GIRALDI,D719,33,10
2.300,Via,PECORI GIRALDI,P28,33,10
8.464,Via,PEDERZOLLI,D319,82,2
8.464,Via,PEDERZOLLI,P28,82,2
5.270,Via,PEDROLLI,D35,87,1
5.270,Via,PEDROLLI,P212,87,1
8.029,Piazza,PEDROLLI,D13,78,3
8.029,Piazza,PEDROLLI,P24,78,3
2.310,Via,PEDROTTI,D117,11,12
2.310,Via,PEDROTTI,P214,11,12
5.625,Via,PEGORETTI,D111,88,1
5.625,Via,PEGORETTI,P410,88,1
6.300,Via,PELEGRINA,D347,67,6
6.300,Via,PELEGRINA,P1042,67,6
2.320,Piazza,PELLICO,D19,6,12
2.320,Piazza,PELLICO,P612,6,12
3.808,Via,PERGHER,P2424,14,12
2.330,Via,PERINI,D1183,24,11
2.330,Via,PERINI,P272,24,11
7.935,Piazza,PERINI,D117,56,8
7.935,Piazza,PERINI,P218,56,8
8.461,Via,PERUGINI,D39,83,2
8.461,Via,PERUGINI,P234,83,2
8.537,Salita,PERUGINI,D15,81,2
8.537,Salita,PERUGINI,P416,81,2
8.031,Piazzale,PESA,D33,77,3
8.031,Piazzale,PESA,P210,77,3
3.848,Via,PESSINA,D115,13,12
3.848,Via,PESSINA,P28,70,6
2.350,Passaggio,PETERLONGO,P210,3,12
2.360,Via,PETRARCA,D19,5,12
2.360,Via,PETRARCA,P442,5,12
3.821,Via,PEZCOLLER,D115,27,11
3.821,Via,PEZCOLLER,P414,27,11
7.155,Via,PIANIZZA,D127,53,9
7.155,Via,PIANIZZA,P26,53,9
2.370,Via,PIAVE,D121,19,11
2.370,Via,PIAVE,P292,19,11
CODICE,TIPO,DESCRIZIONE,P/D  DAL Nr.  DALLA barra  AL nr.,ALLA barra  SEZIONE,CIRC
2.370,Via,PIAVE,P106106,17,11
2.370,Via,PIAVE,P108108,19,11
8.315,Strada,PIAZZAMANA,P24,98,3
8.032,Via,PIAZZE,D775,78,3
8.032,Via,PIAZZE,P652,78,3
2.380,localita',PIAZZINA,D119,213,12
2.380,localita',PIAZZINA,P220,313,12
8.955,Via,PIAZZOLE,D133,95,5
8.955,Via,PIAZZOLE,P284,95,5
6.408,Via,PICCOLI,D17,63,6
6.408,Via,PICCOLI,P46,63,6
2.390,Piazza,PIEDICASTELLO,D129,16,12
2.390,Piazza,PIEDICASTELLO,P228,16,12
2.400,Vicolo,PIEDICASTELLO,D55,15,12
2.400,Vicolo,PIEDICASTELLO,P212,15,12
2.430,Via,PIETRASTRETTA,D53151,4,12
2.430,Via,PIETRASTRETTA,P1876,4,12
2.440,Sottoportico,PIEVANO,D113,17,11
2.440,Sottoportico,PIEVANO,P212,17,11
6.419,Via,PILA,D321,65,6
6.419,Via,PILA,P1022,65,6
2.450,Via,PILATI,D127,20,11
2.450,Via,PILATI,P28,20,11
7.480,Via,PINARA,D15,59,7
7.480,Via,PINARA,P216,A59,7
5.560,Via,PIOPPETO,D357,92,1
5.560,Via,PIOPPETO,P256,92,1
5.550,Via,PóNT DEI VòDI,D145,93,1
5.550,Via,PóNT DEI VòDI,P2120,93,1
5.520,Via,POLA,D139,88,1
5.520,Via,POLA,P28,88,1
7.730,Via,POLI,D157,54,8
7.730,Via,POLI,P258,54,8
5.600,Via,POLO,D2125,88,1
8.911,Via,POMARI,D55,95,5
8.911,Via,POMARI,D913,56,8
8.911,Via,POMARI,D1557,95,5
8.911,Via,POMARI,P658,95,5
7.990,Via,POMERANOS,D1213,55,8
7.990,Via,POMERANOS,P2112,55,8
8.489,Via,POMPEI,D319,83,2
8.489,Via,POMPEI,P220,83,2
2.460,Via,PONTARA,D123,5,12
2.460,Via,PONTARA,P212,5,12
8.497,Via,PONTAT,D19,82,2
8.497,Via,PONTAT,P622,82,2
8.800,Via,PONTE,D149,74,5
8.800,Via,PONTE,P216,74,5
6.310,Via,PONTE ALTO,D379,97,6
6.310,Via,PONTE ALTO,P228,97,6
8.414,Via,PORFIDO,D579,96,2
8.414,Via,PORFIDO,P238,96,2
2.470,Largo,PORTA NUOVA,D99,1,12
CODICE,TIPO,DESCRIZIONE,P/D  DAL Nr.  DALLA barra  AL nr.,ALLA barra  SEZIONE,CIRC
2.470,Largo,PORTA NUOVA,P22,20,11
8.935,Via,PORTE,D1109,75,5
8.935,Via,PORTE,P426,75,5
2.480,Piazza,PORTELLA,D111,1,12
5.280,Via,PORTICI,D113,90,1
8.481,Vicolo,PORTONI,D121,82,2
8.481,Vicolo,PORTONI,P28,82,2
8.131,Via,POSTA,D127,80,3
8.131,Via,POSTA,P246,80,3
8.538,Vicolo,POSTA VECCHIA,P22,81,2
6.320,Via,POZATI,D155,63,6
6.320,Via,POZATI,P26,63,6
8.033,Via,POZZA,D147,78,3
8.033,Via,POZZA,P2108,78,3
7.145,Strada,POZZATA,D1149,53,9
7.145,Strada,POZZATA,P626,53,9
2.490,Via,POZZO,P3030,3,12
8.915,Via,PRéDE,D525,75,5
8.915,Via,PRéDE,P230,75,5
8.510,Via,PRA DE L'AGNèLA,D317,81,2
8.510,Via,PRA DE L'AGNèLA,P630,81,2
8.067,Via,PRA DE LA FAVA,D315,77,3
8.067,Via,PRA DE LA FAVA,D1919,76,4
8.067,Via,PRA DE LA FAVA,P262,77,3
8.067,Via,PRA DE LA FAVA,P6466,76,4
6.476,Via,PRA DEI FRATI,D123,64,6
8.657,Strada,PRA DEL BòTER,D115,78,3
8.657,Strada,PRA DEL BòTER,P22,76,4
8.657,Strada,PRA DEL BòTER,P430,78,3
8.037,Via,PRAòL,D755,77,3
8.037,Via,PRAòL,P280,77,3
6.330,Via,PRADìSCOLA,D11,97,6
6.330,Via,PRADìSCOLA,P822,97,6
6.422,Via,PRADESTèI,D19,65,6
6.422,Via,PRADESTèI,P454,65,6
5.695,Via,PRAGA,D131,93,1
5.695,Via,PRAGA,P620,93,1
8.036,Via,PRAI,P410,78,3
8.519,Via,PRALUNGO,D39,83,2
6.453,Via,PRAMòRGHEN,D15,68,6
6.453,Via,PRAMòRGHEN,D1111,81,2
6.453,Via,PRAMòRGHEN,D1515,68,6
6.453,Via,PRAMòRGHEN,P632,68,6
8.539,Strada,PRAMALGA,D33,83,2
8.539,Strada,PRAMALGA,P48,83,2
2.495,Via,PRANZELORES,D3123,12,12
2.495,Via,PRANZELORES,P692,12,12
2.500,Largo,PRATI,D19,25,11
2.500,Largo,PRATI,P210,25,11
2.510,Via,PRATI,D113,21,11
2.510,Via,PRATI,P250,21,11
6.423,Piazza,PREDARòI,D17,65,6
6.423,Piazza,PREDARòI,P48,65,6
CODICE,TIPO,DESCRIZIONE,P/D  DAL Nr.  DALLA barra  AL nr.,ALLA barra  SEZIONE,CIRC
3.640,Via,PREDARA,D125,5,12
3.640,Via,PREDARA,P228,5,12
2.530,Via,PREPOSITURA,D1717,3,12
2.530,Via,PREPOSITURA,P2076,3,12
5.510,Piazzetta,PROFUGHI IN MORAVIA,D111,89,1
5.510,Piazzetta,PROFUGHI IN MORAVIA,P410,89,1
8.820,Via,PROVINA,D19,74,5
8.820,Via,PROVINA,P226,74,5
6.409,Via,PRUNER,D319,97,6
6.409,Via,PRUNER,P22,97,6
8.132,Piazza,RéGOLA,D121,79,3
8.132,Piazza,RéGOLA,P420,79,3
7.984,Via,RéGOLE,D1101,57,8
7.984,Via,RéGOLE,P4150,57,8
5.635,Via,RòSTE,D333,88,1
5.635,Via,RòSTE,P446,88,1
6.424,Via,RAFAèI,P28,65,6
3.030,Piazza,RAFFAELLO SANZIO,D115,5,12
3.030,Piazza,RAFFAELLO SANZIO,P24,5,12
2.540,Via,RAGAZZI DEL '99,D2327,44,10
2.550,Via,RANZI,D17,36,10
2.550,Via,RANZI,P218,36,10
3.816,Piazzetta,RASMO,D13,6,12
8.624,Via,RATINI,D123,76,4
8.624,Via,RATINI,P212,76,4
2.560,Via,RAVENNA,D115,236,10
2.560,Via,RAVENNA,P218,36,10
7.440,Via,REDóNDOLO,D119,59,7
7.440,Via,REDóNDOLO,P240,59,7
8.625,Via,REFLETóR - CANDRIAI,D323,76,4
2.570,Via,REGINA PACIS,D13,34,10
2.570,Via,REGINA PACIS,P44,34,10
8.038,Via,REGOLIN,D525,77,3
8.038,Via,REGOLIN,P222,77,3
2.580,Via,REICH,D77,8,12
2.580,Via,REICH,P1012,8,12
7.485,Via,RESISTENZA,D187,60,7
7.485,Via,RESISTENZA,P296,60,7
8.039,Via,REVòLTA,D335,77,3
8.039,Via,REVòLTA,P420,77,3
8.041,Via,RI,D159,77,3
8.041,Via,RI,P226,77,3
3.585,Salita,RICCI,D915,13,12
3.585,Salita,RICCI,P210,13,12
5.725,Via,RIENZA,P224,90,1
8.970,Via,RIMONI,D111,95,5
8.970,Via,RIMONI,P450,95,5
8.520,Vicolo,RIO,D17,83,2
8.520,Vicolo,RIO,P412,83,2
8.540,Via,RIO PAPA,D113,83,2
8.540,Via,RIO PAPA,P416,83,2
7.785,Via,RIO STOLZANO,D123,57,8
7.785,Via,RIO STOLZANO,P220,57,8
CODICE,TIPO,DESCRIZIONE,P/D  DAL Nr.  DALLA barra  AL nr.,ALLA barra  SEZIONE,CIRC
6.492,Via,RIPARO GABAN,D311,70,6
6.492,Via,RIPARO GABAN,P414,70,6
7.355,Via,RIVI,D141,61,7
7.355,Via,RIVI,P414,61,7
2.590,Via,RIZZI,D55,1,12
7.285,Via,ROBERTI,D1143,53,9
7.285,Via,ROBERTI,P618,53,9
2.600,Viale,ROBINIE,D77,37,10
2.600,Viale,ROBINIE,P238,37,10
2.610,Via,ROCCABRUNA,P22,2,12
2.630,Vicolo,ROGGE,D17,4,12
2.630,Vicolo,ROGGE,P24,4,12
8.466,Vicolo,ROGGIA,D35,82,2
8.466,Vicolo,ROGGIA,P24,82,2
2.620,Via,ROGGIA GRANDE,D127,4,12
2.620,Via,ROGGIA GRANDE,P230,4,12
2.640,Via,ROMA,D157,3,12
2.640,Via,ROMA,P286,3,12
2.650,Via,ROMAGNOSI,D119,6,12
2.650,Via,ROMAGNOSI,P236,6,12
5.300,localita',RONCAFÒRT,D151,85,1
5.300,localita',RONCAFÒRT,P284,85,1
7.490,Via,RONCHI,D147,60,7
7.490,Via,RONCHI,P270,60,7
8.626,Via,RONCO D'ANDREA,D33,76,4
8.626,Via,RONCO D'ANDREA,P218,76,4
8.467,Salita,RONZèL,D15,82,2
8.467,Salita,RONZèL,P44,82,2
8.541,Via,ROSETTI,D139,83,2
8.541,Via,ROSETTI,P22,83,2
2.670,Via,ROSMINI,D1315,2,12
2.670,Via,ROSMINI,D4169,17,11
2.670,Via,ROSMINI,P834,2,12
2.670,Via,ROSMINI,P58128,17,11
2.660,Via,ROVERETI,D111,25,11
2.660,Via,ROVERETI,P418,25,11
2.680,Viale,ROVERETO,D169,22,11
2.680,Viale,ROVERETO,P22,22,11
7.820,Via,ROZòLA,D5167,58,8
7.820,Via,ROZòLA,P1252,58,8
5.779,Via,RUATTI,P616,93,1
3.511,Piazzale,RUSCONI,D35,10,12
3.511,Piazzale,RUSCONI,P22,10,12
8.043,Via,SàLES,D143,78,3
8.043,Via,SàLES,P226,78,3
6.340,Via,SABBIONARE,D125,971,6
6.340,Via,SABBIONARE,P276,71,6
7.345,Via,SABBIONI,D345,62,7
7.345,Via,SABBIONI,P236,62,7
8.042,Piazza,SACRO CUORE,D511,77,3
8.042,Piazza,SACRO CUORE,P28,77,3
7.350,Via,SALé,D1131,59,7
7.350,Via,SALé,P252,59,7
CODICE,TIPO,DESCRIZIONE,P/D  DAL Nr.  DALLA barra  AL nr.,ALLA barra  SEZIONE,CIRC
5.705,Via,SALISBURGO,D919,93,1
5.705,Via,SALISBURGO,P420,93,1
5.570,Via,SALORNO,D11,90,1
5.570,Via,SALORNO,P210,90,1
5.783,Via,SALTERIO,P418,88,1
8.542,Vicolo,SALTORI,D115,83,2
8.542,Vicolo,SALTORI,P210,83,2
2.690,Via,SALUGA,D111,17,11
2.690,Via,SALUGA,P254,17,11
8.468,Via,SALVADORI ZANATTA,D37,82,2
8.468,Via,SALVADORI ZANATTA,P214,82,2
2.700,Via,SAN BARTOLAMEO,D159,42,10
2.700,Via,SAN BARTOLAMEO,P212,42,10
2.720,Passaggio,SAN BENEDETTO,D131,1,12
2.720,Passaggio,SAN BENEDETTO,P224,1,12
2.730,Via,SAN BERNARDINO,D119,23,11
2.730,Via,SAN BERNARDINO,P230,123,11
3.890,Via,SAN DANIELE COMBONI,D135,12,12
3.890,Via,SAN DANIELE COMBONI,P48,12,12
6.471,Piazza,SAN DONà,D121,64,6
6.471,Piazza,SAN DONà,P222,64,6
6.425,Via,SAN FABIANO,D131,65,6
6.425,Via,SAN FABIANO,P216,65,6
2.740,Belvedere,SAN FRANCESCO,D13,20,11
2.740,Belvedere,SAN FRANCESCO,P22,20,11
2.750,Via,SAN FRANCESCO D'ASSISI,P214,4,12
2.760,Via,SAN GIORGIO,P810,16,12
2.770,Via,SAN GIOVANNI,D115,3,12
2.770,Via,SAN GIOVANNI,P236,53,12
2.780,Via,SAN GIOVANNI BOSCO,D115,23,11
2.780,Via,SAN GIOVANNI BOSCO,P410,23,11
5.310,Via,SAN GIOVANNI NEPOMUCENO,D39,92,1
5.310,Via,SAN GIOVANNI NEPOMUCENO,P1218,92,1
8.543,Piazzetta,SAN LAZZARO,D15,81,2
8.543,Piazzetta,SAN LAZZARO,P44,81,2
8.260,Piazza,SAN LEONARDO,D115,80,3
8.260,Piazza,SAN LEONARDO,P216,80,3
2.800,Via,SAN MARCO,D137,4,12
2.800,Via,SAN MARCO,P274,4,12
2.810,Vicolo,SAN MARCO,D13,4,12
2.810,Vicolo,SAN MARCO,P226,4,12
8.830,Rione,SAN MARCO,D177,73,5
2.820,Via,SAN MARTINO,D185,5,12
2.820,Via,SAN MARTINO,P292,5,12
2.830,Vicolo,SAN MARTINO,D313,5,12
2.830,Vicolo,SAN MARTINO,P28,5,12
8.133,Via,SAN MICHELE,D343,80,3
8.133,Via,SAN MICHELE,P240,80,3
2.850,Lungadige,SAN NICOLò,P414,16,12
2.860,Via,SAN PIETRO,D171,4,12
2.860,Via,SAN PIETRO,P284,4,12
2.870,Vicolo,SAN PIETRO,D15,4,12
2.870,Vicolo,SAN PIETRO,P210,4,12
CODICE,TIPO,DESCRIZIONE,P/D  DAL Nr.  DALLA barra  AL nr.,ALLA barra  SEZIONE,CIRC
2.880,Via,SAN PIO X,D1117,29,11
2.880,Via,SAN PIO X,P264,29,11
7.150,Via,SAN ROCCO,D125,52,9
7.150,Via,SAN ROCCO,P220,52,9
5.490,Via,SAN SEBASTIAN,D121,90,1
5.490,Via,SAN SEBASTIAN,P222,90,1
6.426,Via,SAN SEBASTIANO,D17,65,6
6.426,Via,SAN SEBASTIANO,P236,65,6
8.044,Piazzetta,SAN VALENTINO,D19,78,3
8.044,Piazzetta,SAN VALENTINO,P28,78,3
2.920,Via,SAN VIGILIO,D127,2,12
2.920,Via,SAN VIGILIO,P230,2,12
3.824,Via,SAN VINCENZO,D33,44,10
3.824,Via,SAN VINCENZO,D733,55,8
3.824,Via,SAN VINCENZO,P252,44,10
3.824,Via,SAN VINCENZO,P60144,55,8
6.360,Via,SAN VITO,D1197,67,6
6.360,Via,SAN VITO,P836,67,6
7.410,Salita,SANT'AGATA,D151,62,7
5.101,Via,SANT'ANNA,D395,91,1
5.101,Via,SANT'ANNA,P284,91,1
5.101,Via,SANT'ANNA,P64664,681,2
2.930,Via,SANT'ANTONIO,D127,32,10
2.930,Via,SANT'ANTONIO,P222,32,10
2.940,Piazzetta,SANT'APOLLINARE,D33,16,12
2.940,Piazzetta,SANT'APOLLINARE,P44,16,12
8.940,Via,SANTA BRIGIDA,D149,75,5
8.940,Via,SANTA BRIGIDA,P272,75,5
2.950,Via,SANTA CROCE,D179,18,11
2.950,Via,SANTA CROCE,P294,18,11
8.544,Vicolo,SANTA GIULIANA,D113,81,2
8.544,Vicolo,SANTA GIULIANA,P210,81,2
7.400,Salita,SANTA LUCIA,P210,61,7
2.960,Via,SANTA MARGHERITA,D115,2,12
2.960,Via,SANTA MARGHERITA,P228,2,12
2.970,Via,SANTA MARIA MADDALENA,D119,6,12
2.970,Via,SANTA MARIA MADDALENA,P216,6,12
2.980,Vicolo,SANTA MARIA MADDALENA,D123,6,12
2.980,Vicolo,SANTA MARIA MADDALENA,P224,6,12
2.990,Piazza,SANTA MARIA MAGGIORE,D141,1,12
2.990,Piazza,SANTA MARIA MAGGIORE,P640,1,12
8.840,Via,SANTA MARINA,D2139,73,5
8.840,Via,SANTA MARINA,P452,73,5
3.710,Piazza,SANTA TERESA VERZERI,D57,2,12
3.710,Piazza,SANTA TERESA VERZERI,P48,2,12
3.000,Via,SANTA TRINITà,D133,2,12
3.000,Via,SANTA TRINITà,P244,2,12
3.020,Via,SANTI COSMA E DAMIANO,D1103,15,12
3.020,Via,SANTI COSMA E DAMIANO,P294,15,12
8.627,Piazza,SANTI FILIPPO E GIACOMO,D513,76,4
8.627,Piazza,SANTI FILIPPO E GIACOMO,P410,76,4
8.421,Via,SANTI PIETRO E PAOLO,D335,83,2
8.421,Via,SANTI PIETRO E PAOLO,P626,83,2
CODICE,TIPO,DESCRIZIONE,P/D  DAL Nr.  DALLA barra  AL nr.,ALLA barra  SEZIONE,CIRC
7.160,Via,SARTORI,D137,51,9
7.160,Via,SARTORI,P242,51,9
3.040,Piazzetta,SAS(S),D17,4,12
3.040,Piazzetta,SAS(S),P28,4,12
3.050,Largo,SAURO,D173,5,12
3.050,Largo,SAURO,P272,5,12
3.060,Via,SCALA,P24,16,12
3.070,Via,SCHIVABRIGA,D11,2,12
3.070,Via,SCHIVABRIGA,P22,2,12
3.650,Via,SCHMID,D15,10,12
3.650,Via,SCHMID,P228,10,12
3.080,Via,SCOPOLI,D161,9,12
3.080,Via,SCOPOLI,P236,9,12
5.330,Via,SCUOLE,D113,90,1
5.330,Via,SCUOLE,P24,90,1
3.090,Via,SECONDO DA TRENTO,D17,5,12
3.090,Via,SECONDO DA TRENTO,P22,5,12
3.100,Via,SEGANTINI,D327,6,12
3.100,Via,SEGANTINI,P218,6,12
8.045,Via,SEGATI,D327,78,3
8.045,Via,SEGATI,P222,78,3
7.500,Via,SELVA,D147,60,7
7.500,Via,SELVA,P238,60,7
8.046,Via,SELVA DI VASON,D761,77,3
8.046,Via,SELVA DI VASON,P246,77,3
3.660,Via,SENESI,D33,10,12
3.660,Via,SENESI,P410,10,12
7.545,Via,SENTéR,D39,62,7
7.545,Via,SENTéR,P418,62,7
3.580,,SENZA FISSA DIMORA,P00,1,12
3.110,Via,SERAFINI,D111,20,11
3.110,Via,SERAFINI,P218,20,11
6.370,Via,SERAFINI,D123,69,6
6.370,Via,SERAFINI,P260,69,6
8.960,Via,SETTE FONTANE,D165,95,5
8.960,Via,SETTE FONTANE,P236,95,5
8.216,Via,SETTEMBRE (1703),D325,80,3
8.216,Via,SETTEMBRE (1703),P422,80,3
6.472,Via,SETTEMBRE (1959),D117,64,6
6.472,Via,SETTEMBRE (1959),P28,64,6
3.120,Via,SIGHELE,D111,31,11
3.120,Via,SIGHELE,P24,31,11
2.910,Via,SIMONINO,D119,4,12
2.910,Via,SIMONINO,P220,4,12
8.213,Strada,Só CA,D1111,80,3
8.213,Strada,Só CA,P210,80,3
8.139,Via,SLOP,D523,80,3
3.130,Salita,SODEGERIO DA TITO,D19,6,12
3.130,Salita,SODEGERIO DA TITO,P214,6,12
3.150,Via,SOLTERI,D1105,13,12
3.150,Via,SOLTERI,P286,13,12
7.505,Via,SOMMARIVE,D1111,59,7
7.505,Via,SOMMARIVE,P218,59,7
CODICE,TIPO,DESCRIZIONE,P/D  DAL Nr.  DALLA barra  AL nr.,ALLA barra  SEZIONE,CIRC
8.529,Piazza,SONTACCHI,D315,81,2
8.529,Piazza,SONTACCHI,P214,81,2
8.068,Strada,SOPRAMONTE,D37,78,3
8.068,Strada,SOPRAMONTE,P234,78,3
8.068,Strada,SOPRAMONTE,P4040,79,3
5.340,Via,SOPRASASSO,D135,89,1
5.340,Via,SOPRASASSO,P290,89,1
8.134,Strada,SORAVàL,D919,79,3
8.134,Strada,SORAVàL,P2024,79,3
3.140,Via,SORDO,D111,30,11
3.140,Via,SORDO,P28,30,11
3.160,Salita,SPALLIERA,D113,6,12
3.160,Salita,SPALLIERA,P28,6,12
3.505,Via,SPALLIERA,D17,70,6
3.505,Via,SPALLIERA,D1521,70,6
3.505,Via,SPALLIERA,P228,6,12
8.628,Largo,SPIAZZòLA,D19,76,4
8.628,Largo,SPIAZZòLA,P412,76,4
8.521,Salita,SPIAZZI,D17,83,2
8.521,Salita,SPIAZZI,P414,83,2
8.048,Strada,SPINéDA,D57,77,3
8.048,Strada,SPINéDA,P222,77,3
5.660,Via,SPINI,D929,88,1
5.660,Via,SPINI,P450,88,1
7.385,Via,SPRé,D17,62,7
7.385,Via,SPRé,P276,62,7
8.546,Piazza,STAINER,D19,83,2
8.546,Piazza,STAINER,P210,83,2
8.135,Strada,STAPIANA,D33,79,3
8.135,Strada,STAPIANA,P44,79,3
7.780,Via,STAZIONE,D131,56,8
7.780,Via,STAZIONE,P248,56,8
8.803,Via,STELLA,D163,74,5
8.803,Via,STELLA,D6769,55,8
8.803,Via,STELLA,P218,74,5
3.818,Via,STELLA DI MAN,D157,44,10
3.818,Via,STELLA DI MAN,P216,44,10
3.730,Via,STENICO,P250,14,12
3.190,Via,STOPPANI,D17,8,12
3.190,Via,STOPPANI,P214,8,12
7.170,Strada,STRETTA,D121,51,9
7.170,Strada,STRETTA,P230,51,9
3.210,Via,SUFFRAGIO,D195,6,12
3.210,Via,SUFFRAGIO,P2134,6,12
8.534,Via,SUGARINE,D529,82,2
8.534,Via,SUGARINE,P438,82,2
8.136,Strada,TéZ,D55,79,3
8.136,Strada,TéZ,P814,79,3
7.180,Strada,TABARELLE,D135,53,9
7.180,Strada,TABARELLE,P2286,53,9
5.795,Via,TALVERA,D511,87,1
5.795,Via,TALVERA,P424,87,1
7.190,Via,TAMBOSI,D185,52,9
CODICE,TIPO,DESCRIZIONE,P/D  DAL Nr.  DALLA barra  AL nr.,ALLA barra  SEZIONE,CIRC
7.190,Via,TAMBOSI,P230,52,9
3.220,Via,TARAMELLI,D113,24,11
3.220,Via,TARAMELLI,P218,24,11
6.411,Via,TAVERNARO,D35,97,6
6.411,Via,TAVERNARO,P28,97,6
3.670,Passaggio,TEATRO OSELE,D313,5,12
3.670,Passaggio,TEATRO OSELE,P48,5,12
6.427,Largo,TEOFILO,D117,65,6
6.427,Largo,TEOFILO,P416,65,6
3.240,Vicolo,TERLAGO,D35,1,12
3.240,Vicolo,TERLAGO,P1414,1,12
7.200,Via,TESSADRI,D181,52,9
7.200,Via,TESSADRI,P26,52,9
3.250,Viale,TIGLI,D117,140,10
3.250,Viale,TIGLI,P230,40,10
3.260,Galleria,TIRRENA,P1010,1,12
8.629,Via,TèRLI,D33,76,4
8.629,Via,TèRLI,P28,76,4
5.370,Via,TODESCA,D115,92,1
5.370,Via,TODESCA,P236,92,1
3.270,Via,TOFANE,D11,35,10
3.270,Via,TOFANE,P24,35,10
5.778,Lungavisio,TOMASI,D131,93,1
5.778,Lungavisio,TOMASI,P412,93,1
6.412,Piazza,TOMMASI,D15,97,6
3.280,Via,TONALE,D13,34,10
3.280,Via,TONALE,P28,34,10
8.469,Passaggio,TONETTA,D11,82,2
8.469,Passaggio,TONETTA,P210,82,2
8.270,Via,TONINI,D19,80,3
8.270,Via,TONINI,P212,80,3
8.631,Via,TORESèLA,D113,76,4
8.631,Via,TORESèLA,P48,76,4
3.290,Via,TORRE D'AUGUSTO,D141,5,12
3.290,Via,TORRE D'AUGUSTO,P240,5,12
7.750,Via,TORRE FRANCA,D197,55,8
7.750,Via,TORRE FRANCA,P466,55,8
3.300,Via,TORRE VANGA,P430,3,12
3.310,Via,TORRE VERDE,D2127,6,12
3.310,Via,TORRE VERDE,P850,6,12
5.620,Via,TORRESANI,D19,88,1
5.620,Via,TORRESANI,P212,88,1
7.210,Via,TORRICELLE,D339,51,9
7.210,Via,TORRICELLE,P2228,51,9
3.320,Via,TORRIONE,D115,17,11
3.320,Via,TORRIONE,P214,17,11
5.380,Via,TOSETTI,D115,91,1
5.380,Via,TOSETTI,P26,91,1
3.340,Via,TRAVAI,D131,23,11
3.340,Via,TRAVAI,P2136,23,11
8.049,Strada,TRE CIME,D529,77,3
8.049,Strada,TRE CIME,P278,77,3
8.547,Via,TRE COLLI,D131,83,2
CODICE,TIPO,DESCRIZIONE,P/D  DAL Nr.  DALLA barra  AL nr.,ALLA barra  SEZIONE,CIRC
8.470,Via,TRE CROCI,D747,96,2
8.470,Via,TRE CROCI,P252,96,2
3.506,Via,TRENER,P238,14,12
8.422,Sponda,TRENTINA,D339,81,2
8.422,Sponda,TRENTINA,D4371,90,1
8.422,Sponda,TRENTINA,P420,90,1
7.740,Via,TRENTINI,D115,57,8
7.740,Via,TRENTINI,P250,57,8
8.535,Via,TRENTINI,D59,82,2
8.535,Via,TRENTINI,P214,82,2
3.360,Viale,TRIESTE,D143,19,11
8.051,Via,TURCATI,D11,77,3
8.051,Via,TURCATI,P220,77,3
3.507,Via,UNTERVEGER,D59,92,1
3.507,Via,UNTERVEGER,P4106,16,12
3.520,Vicolo,Vò,D127,3,12
3.520,Vicolo,Vò,P274,3,12
7.415,Via,VAL,D161,62,7
7.415,Via,VAL,P216,62,7
6.459,Strada,VAL CALDA,D137,68,6
6.459,Strada,VAL CALDA,P264,68,6
8.052,Via,VAL DEI MOLINI,D57,77,3
8.052,Via,VAL DEI MOLINI,P644,77,3
8.870,Via,VAL GOLA,P234,74,5
8.636,Via,VALéNE,D11,76,4
8.636,Via,VALéNE,P24,76,4
7.220,Via,VALDàCOLE,D111,53,9
7.220,Via,VALDàCOLE,P222,53,9
8.860,Via,VALEMBRAR,D141,74,5
8.860,Via,VALEMBRAR,P220,74,5
520,Via,VALERIO MARIANO,D15,16,12
520,Via,VALERIO MARIANO,P26,16,12
7.510,Via,VALóNI,D99,59,7
7.510,Via,VALóNI,P1434,59,7
7.230,Via,VALNIGRA,D377,50,9
7.230,Via,VALNIGRA,P236,50,9
7.713,Via,VALSORDA,D335,58,8
7.713,Via,VALSORDA,P436,58,8
6.390,Strada,VALSUGANA,P224,66,6
8.653,Strada,VANéZE,D363,76,4
8.653,Strada,VANéZE,P26,78,3
8.653,Strada,VANéZE,P1030,76,4
8.653,Strada,VANéZE,P3236,78,3
8.653,Strada,VANéZE,P3844,76,4
8.653,Strada,VANéZE,P4658,78,3
8.653,Strada,VANéZE,P6060,76,4
3.370,Via,VANNETTI,D145,6,12
3.370,Via,VANNETTI,P232,6,12
5.780,Via,VARSAVIA,P66,93,1
6.473,Via,VASCON,P28,64,6
8.053,Strada,VASON,D3147,77,3
8.053,Strada,VASON,P2142,77,3
8.498,Strada,VECCHIA,D11,81,2
CODICE,TIPO,DESCRIZIONE,P/D  DAL Nr.  DALLA barra  AL nr.,ALLA barra  SEZIONE,CIRC
8.498,Strada,VECCHIA,P44,81,2
8.471,Via,VECCHIE PONTARE,P238,96,2
8.054,Vicolo,VECCHIO,D59,78,3
8.054,Vicolo,VECCHIO,P418,78,3
6.400,Via,VEDUTA,D193,63,6
6.400,Via,VEDUTA,P2176,63,6
8.055,Via,VEGIARA,D159,78,3
8.055,Via,VEGIARA,P632,78,3
3.819,Vicolo,VENCESLAO,D121,4,12
3.819,Vicolo,VENCESLAO,P418,4,12
3.400,Piazza,VENEZIA,D139,4,12
3.400,Piazza,VENEZIA,D41141,120,11
3.400,Piazza,VENEZIA,P240,4,12
3.410,Via,VENEZIA,D161,20,11
3.410,Via,VENEZIA,D67137,66,6
3.410,Via,VENEZIA,P212,20,11
3.410,Via,VENEZIA,P1436,66,6
3.430,Via,VENTUNO,D37,4,12
3.430,Via,VENTUNO,P1414,4,12
3.440,Via,VERDI,D579,2,12
3.440,Via,VERDI,P644,18,11
3.450,Viale,VERONA,D171,32,10
3.450,Viale,VERONA,D7375,38,10
3.450,Viale,VERONA,D7777,32,10
3.450,Viale,VERONA,D81187,38,10
3.450,Viale,VERONA,P268,32,10
3.450,Viale,VERONA,P72212,38,10
3.460,Via,VERRUCA,D125,16,12
3.460,Via,VERRUCA,P224,16,12
8.057,Strada,VIòTE,P68,78,3
3.470,Piazza,VICENZA,D321,34,10
3.470,Piazza,VICENZA,P212,34,10
3.480,Via,VICENZA,D127,34,10
3.480,Via,VICENZA,P232,A34,10
5.690,Via,VIENNA,D321,88,1
5.690,Via,VIENNA,P280,88,1
5.690,Via,VIENNA,P8282,93,1
5.690,Via,VIENNA,P84122,88,1
8.069,Strada,VIGOLO BASELGA,D1123,80,3
8.069,Strada,VIGOLO BASELGA,P422,80,3
7.240,Via,VILLA,D145,50,9
7.240,Via,VILLA,P258,50,9
7.250,Via,VILLA BELFONTE,D113,51,9
7.250,Via,VILLA BELFONTE,P214,51,9
8.321,Via,VILLA DI BASELGA,D1157,98,3
8.321,Via,VILLA DI BASELGA,P434,98,3
7.430,Via,VILLA MARIA,D357,60,7
7.430,Via,VILLA MARIA,P416,60,7
7.268,Via,VILLA PAROLARI,D17,53,9
7.268,Via,VILLA PAROLARI,P24,53,9
7.745,Via,VILLA VECCHIA,D123,56,8
7.745,Via,VILLA VECCHIA,P430,56,8
6.474,Via,VILLAGGIO SATELLITE,D17,64,6
CODICE,TIPO,DESCRIZIONE,P/D  DAL Nr.  DALLA barra  AL nr.,ALLA barra  SEZIONE,CIRC
6.474,Via,VILLAGGIO SATELLITE,P212,64,6
6.428,Via,VILLAMONTAGNA,D1111,97,6
6.428,Via,VILLAMONTAGNA,P454,97,6
8.056,Via,VINCIA,D1717,78,3
8.056,Via,VINCIA,P210,78,3
3.680,Via,VITTIME DELLE FOIBE,P650,10,12
3.490,Piazza,VITTORIA,D19,2,12
3.490,Piazza,VITTORIA,P48,2,12
3.510,Via,VITTORIO VENETO,D781,26,11
3.510,Via,VITTORIO VENETO,P2170,26,11
3.500,Via,VIVALDI,D17,29,11
3.500,Via,VIVALDI,P216,29,11
7.515,Via,VOLPARE,D115,62,7
7.515,Via,VOLPARE,P416,62,7
3.525,Via,VOLTA,P2110,42,10
8.137,Via,VOLTèI,D317,79,3
8.137,Via,VOLTèI,P44,79,3
3.834,Via,ZAMBOTTI,D511,52,9
3.834,Via,ZAMBOTTI,P418,44,10
3.535,Via,ZAMBRA,D111,14,12
3.535,Via,ZAMBRA,P444,14,12
3.530,Via,ZANDONAI,D35,27,11
3.530,Via,ZANDONAI,P26,27,11
3.540,Via,ZANELLA,D119,2,12
3.540,Via,ZANELLA,P216,2,12
3.550,Via,ZARA,D19,21,11
3.550,Via,ZARA,P254,21,11
6.495,Via,ZELL,D5135,66,6
6.495,Via,ZELL,P294,66,6
8.634,Via,ZENI,D313,76,4
8.634,Via,ZENI,P26,76,4
8.635,Androna,ZIMóN,P214,76,4
3.560,Passaggio,ZIPPEL,D13,2,12
3.560,Passaggio,ZIPPEL,P210,2,12
7.115,Via,ZIVERANA,D17,51,9
7.115,Via,ZIVERANA,D1319,59,7
7.115,Via,ZIVERANA,P418,59,7
7.502,Via,ZNOJMO,D15,51,9
7.502,Via,ZNOJMO,P612,51,9
7.502,Via,ZNOJMO,P1424,61,7
8.058,Via,ZOPèI - NORGE,D145,78,3
8.058,Via,ZOPèI - NORGE,P214,78,3
7.284,Passaggio,ZULIAN,D11,53,9
